source_id,ra,dec,parallax,e_parallax,pmra,pmdec,phi1,phi2,pm1,pm2,e_pm1,e_pm2,g0,r0,i0,rv,e_rv,feh,memb_prob,desi_rv,desi_rv_err,desi_targetid
646097432190794368,142.74885256105128,26.15537581153664,0.2434207326283176,0.0985704138875007,-4.63289707445957,-13.1766702569125,-51.45254392003238,-1.3852969651361533,-13.491393144839872,-3.6153402845798928,0.0767196604073444,0.1056355695369784,17.516341969370842,17.271446745842695,17.187464028596878,47.0406971584034,2.744399391835598,-10000.0,0.7849379615602009,35.71801948166034,2.011060623419884,39628400138125714
693619935356130048,141.09671265832114,25.48086660268606,0.6428036398997787,0.2575366199016571,-3.5249185009684,-13.40222581837728,-52.84354366454386,-0.5294789637495496,-13.111304241219498,-4.487583806396,0.1790612902700257,0.3362790553559472,19.717911534011364,18.61880664527416,17.92305162549019,0.0,10000.0,-10000.0,0.862003770379029,44.52212432047835,2.9253149191141445,2305843014381076606
693636153152470272,140.54447627417818,25.25725951514833,0.6095022254629616,0.2377712130546569,-4.225936034697833,-12.39783178962196,-53.3054738204857,-0.236881520716511,-12.677152658642356,-3.294627281286216,0.1938300002227391,0.2798458213301223,20.08724174648524,18.94746942818165,18.29000421985984,0.0,10000.0,-10000.0,0.9323661158146408,32.72870728432189,4.197146308504274,2305843014381078058
693659006674064768,140.23657129603976,25.53379074967388,0.1180185762457005,0.0336441956460475,-4.1918189023077,-12.99771872016134,-53.22722310309263,0.1474549000695909,-13.16762720446592,-3.622931332827812,0.0247531771470646,0.0378811818577028,14.894714586436749,14.999709375202656,15.119553189724684,0.0,10000.0,-10000.0,0.9981618270255432,75.17665409807849,1.0850690913630396,2305843014381078292
693662339568755072,140.73140096273357,25.42283482555753,0.1119209322029819,0.0303309075534343,-4.3136764342692,-13.03182977528563,-53.07421651429172,-0.2866496724263509,-13.24972589514116,-3.589032651734478,0.0216332359365934,0.0319658024475167,15.11934758722782,14.712819147855043,14.722217056900265,0.0,10000.0,-10000.0,0.9995500553479448,95.2125498153014,0.9729518206570348,2305843014381080180
693690136597043840,140.71740368591838,25.78525579308486,0.0868572927678223,0.1380436271429062,-4.528033718916737,-13.11420888745104,-52.77885019584966,-0.0762500476137918,-13.436974296072885,-3.4544588389534017,0.0997007156813047,0.1470205203767884,17.974955312907696,17.759289544075727,17.69821235165,62.24796938291139,5.206795410544,-10000.0,0.9997904336763612,76.10356976724344,6.083258135249761,2305843014381080866
693718792618722432,141.0514380978146,25.63972473453023,0.1573844220138122,0.0167332980781793,-4.420309340027962,-12.78224807662134,-52.73387043060012,-0.4075089025658056,-13.092089911826402,-3.394434016810717,0.0117630753076739,0.0238728985185855,-999.0772773399948,16.8119731657207,-999.0409774556756,76.88953399658203,0.3350338314360084,-10000.0,0.9995363751684326,70.4603546589993,0.1956569055178092,2305843014381082181
693805963274941824,141.2696649244485,26.11936663993074,0.2951815748652578,0.1369583755731582,-4.361253782732238,-12.61581623160823,-52.22581130003175,-0.3050785329759135,-12.915017403764846,-3.373674437102219,0.1043257538434071,0.1728175506450698,18.036350451409817,17.83771338313818,17.775484930723906,0.0,10000.0,-10000.0,0.974787538315814,72.40688745460577,6.74362859725176,2305843014381077210
693819226133920512,141.21292625452992,26.21814954310811,0.0014183291494992,0.0680216699838638,-4.548436284734266,-13.16739247676228,-52.17187792443315,-0.2079062510956516,-13.47925778906056,-3.518253363450895,0.0417748098621585,0.0768155530041794,16.682849183678627,16.300358824431896,16.131709404289722,0.0,10000.0,-10000.0,0.9985736158367658,68.57154704906836,2.2412229394700764,2305843014381081764
693979239436838016,140.7057205360164,26.09115336963863,0.1489831840728407,0.2066745609045028,-4.756930303738877,-12.92990654255655,-52.52945313040499,0.1011897023457478,-13.409736700434689,-3.160669349819893,0.1094243671828528,0.2513027890556426,18.085182897746563,17.897915177047253,17.8498129658401,0.0,10000.0,-10000.0,0.993206117252474,71.51044469963128,4.172230558402124,39628394672949787
693988271750973952,140.9634512933555,26.28008167453988,0.3307105824678084,0.2343648076057434,-4.297274111145543,-13.19573736618137,-52.24422920300202,0.0126940483997095,-13.370733212823742,-3.717195552435863,0.1564688476085535,0.2725638525084935,18.901060238480568,18.700300611555576,18.63674620911479,0.0,10000.0,-10000.0,0.9978625975367106,69.07544944347968,6.228973613149556,39628400108768147
694022631489594112,141.16340025916475,26.59733403222109,-0.0168617649055601,0.1558518260717392,-4.686877456372843,-12.93998420751707,-51.88091462311661,0.0392559870841129,-13.368049356217025,-3.271890583682897,0.0916270834030767,0.1559075490527979,18.18311507254839,17.997522212564945,17.92239898443222,0.0,10000.0,-10000.0,0.997861556870252,74.61492327816308,4.221845976466258,39628405536197510
694190173869174656,141.7570090431539,26.40672638674063,0.0606263594479068,0.1054370775818824,-4.503720568411867,-12.66856789288769,-51.743819083760286,-0.5082314632823992,-13.025313385285028,-3.3342649310089043,0.0766293773634912,0.1435493546108653,17.367167465388775,17.345849603414536,17.261386517435312,59.93012399388439,3.56238581162072,-1.9266047477722168,0.9969415668759536,59.68265767040592,4.236725158892729,2305843014385280332
694256312069972992,142.0169662719632,27.17597179536935,0.0053761399610991,0.1035114303231239,-4.590392643249638,-13.05817708580548,-50.97626610203986,-0.2705855448771466,-13.389497261573444,-3.508426499981568,0.0717640059711125,0.1093642097625292,-999.073094598949,-999.052332226187,20.02284023538232,0.0,10000.0,-10000.0,0.999284090105194,60.28060016338172,2.756975059978456,39628421747182529
694336129742268032,142.35004604272,27.17248161802858,0.214284435164054,0.1907380521297454,-4.564234820816974,-12.78553335673503,-50.81290611242355,-0.5178294768561952,-13.13987515086916,-3.4125919380016003,0.1223992939563149,0.2008809218782122,18.412895157933235,18.2518314383924,18.197386875748634,0.0,10000.0,-10000.0,0.9905267323663608,56.74260956880366,5.990197854222889,39628421751378269
694353756288124288,142.15017501645843,27.33780098027531,-0.0488651364036302,0.0740092024207115,-4.567493482429938,-12.88099605002656,-50.77587231550496,-0.2779766231873164,-13.226158896817193,-3.4424957209825613,0.0552103590753531,0.0791990795862103,16.78764048218727,16.38473405316472,16.21072179824114,0.0,10000.0,-10000.0,0.9989756142252972,57.9931786797333,1.3598007598060202,39628421751374962
694411691103568256,141.56848250540614,26.96778526233511,0.1492402345489765,0.1551873534917831,-4.453756636296978,-13.09569407353086,-51.37198019072173,-0.055573066925814,-13.35703659713234,-3.5948191589755782,0.0917985409361939,0.1985063052146953,17.973545119166374,17.779075033962727,17.710075214505196,67.32054771000878,4.580984650318159,-10000.0,0.9998922566528368,63.37329996408172,3.339570203207927,39628416353308006
790085725458274816,172.7810003577126,50.08640047207546,0.3065324509841528,0.1166521981358528,-7.1309791412426815,-8.196900163556624,-18.23773415570821,-1.9957288178748591,-10.56112697296769,-2.5500260518291085,0.0832594867769764,0.0974355925368639,18.24288995191455,18.01741411909461,17.944519659504294,-155.86532528867863,2.3327392633551893,-2.4320165779982594,0.8186312623717054,-155.42831595022707,1.8729198591220664,39633247985992936
790287726359380096,173.1299965546646,50.44780800697508,0.0380581717019702,0.1771220862865448,-7.351287235339099,-8.53335464959742,-17.846717552585062,-1.829427008054296,-10.922239083191574,-2.750319799926533,0.1300088912071084,0.1647809677029992,18.8029892668128,18.623395988717675,18.58148604258895,-165.99631375034988,3.654699923285974,-2.500000141156457,0.940442002556888,-155.24058175637506,2.0641017362221734,39633255745455495
790312224853065728,171.7220556692268,50.19331434222626,0.3575282432611543,0.2043250799179077,-7.093914697455209,-8.813912033834553,-18.72573614351012,-1.5118623605296873,-10.931651432004736,-2.9167907096830694,0.1566533834275137,0.1640272280412264,19.056071542203423,18.8818226531148,18.81149692647159,-163.7254397664474,5.176271978732196,-2.749999991521416,0.8286589378919779,-154.95730073473553,3.471029053272036,39633251861531100
791673527625207040,175.22710159429448,50.97257767519914,0.1593605563786643,0.116049975156784,-7.606096267926072,-8.081902436197968,-16.45312111919884,-2.143990271619689,-10.801123240305706,-2.550604668095298,0.0940282813221467,0.0990175350716709,18.35708604753017,18.125086080282927,18.071518624201417,-162.13728512445337,3.539028518738088,-1.9377520223328384,0.8717481366398603,-159.18490203709482,1.8779471310121307,39633263437811128
791698124900447616,176.12612272402282,51.2515425659589,0.20872611242074,0.1292423754930496,-7.999284482634605,-8.399775630618526,-15.82750419492811,-2.2184023183860067,-11.270676858504618,-2.741646591014256,0.1057220112929029,0.1072748971917679,18.16259452328086,18.144065089523792,18.21198038756848,-170.98131025040658,4.118189613675627,-2.29579544570313,0.8610685788616392,-173.17742760549373,3.965424248513102,39633267254625433
792019903850623616,174.9239774441034,52.01018086564756,0.3193963619076515,0.1326964646577835,-7.188669878573781,-7.689761479731788,-16.036577728628572,-1.1750336812671591,-10.246245720590668,-2.4132664319461847,0.1232922417106868,0.1106971350268224,18.75024259462953,18.564038641750813,18.51906478777528,-170.48887882558455,3.008893155576333,-10000.0,0.825987685358403,-170.03450663308746,3.1467947083900056,39633278528915233
792020659764386688,175.09076544250405,52.01850049852466,-0.1972708999370907,0.1371879130601883,-7.116666793415891,-7.69798688650171,-15.946460838960434,-1.224925187968099,-10.1851337007375,-2.4837471391754065,0.1407729183546401,0.1106441705709353,18.76754356920719,18.59362280368805,18.545834386721253,-172.97092908966576,3.26574725428281,-2.999999971205847,0.8664236308387017,-176.42658705440314,3.365486598816119,39633278528916657
792254855740779264,179.47938000736852,52.73659067385096,0.0181731937663859,0.0924339145421981,-7.979784801168857,-7.705268890803769,-13.290211337126609,-2.025140622466164,-10.762880654127006,-2.6848713521456604,0.0852861890028081,0.0719058971405259,18.17881118506193,17.929771549999714,17.840781919658184,-182.2940351237773,1.673103778408455,-2.5008570357970843,0.741297150485225,-183.07400850530243,1.9403076784312343,39633289685765219
792272349144777216,179.45598098951672,52.90799708846447,0.1712937371074055,0.1475718319416046,-7.545617246130043,-7.371609718244413,-13.216715283422502,-1.8696264358701769,-10.22079891207279,-2.610026640128858,0.1298954859622788,0.1191827196683041,18.88451089709997,18.683742191642523,18.645159423351288,-193.3985285765532,6.09313920193152,-2.1081342744596783,0.9241792236332836,-182.5041595012989,3.563153299945645,39633293347391661
793007299651756800,145.0997588159789,31.45631820637482,0.0704865229001859,0.1635818183422088,-5.346648161937814,-12.92239439902827,-45.92807272133615,-0.0347431839724226,-13.620970049087529,-3.1692425740941035,0.0913754725560345,0.1543973714736249,18.07558876276016,17.87677027285099,17.82885728776455,19.839442371197624,0.7272921150506062,-2.42149328275172,0.9991304383514678,22.302420019409222,1.0057694977307672,39628511429791420
793042724542087680,145.3139013819977,31.69407157522027,0.4813027211740968,0.3397120535373688,-4.519365159261537,-13.14263192131019,-45.62854769351884,-0.0445177931334348,-13.310997137871697,-3.996347139246061,0.1995508821142522,0.3920582003410318,19.20710813254118,19.001038126647472,18.92211416363716,22.75681710720491,3.576360919840951,-2.36316002832856,0.9988567223438132,26.329354156012517,3.6566102544668246,39628516588784484
793053135542217472,145.47712968086088,31.95217653793125,-0.0906365277854073,0.1920206695795059,-4.845773473465389,-12.66477318910297,-45.33803316773776,-0.0063753361119068,-13.108084529960957,-3.472192454769812,0.124911760014125,0.2458220154412327,18.64351332187653,18.42565263435245,18.35946161672473,16.171281255918533,2.581476308396569,-2.499998050704921,0.9992813006584582,21.925992924977777,1.1824788993713578,39628521735196479
793179308798003584,146.0750128279839,32.31129363097097,0.1778687347641756,0.0858688801527023,-5.127481205571551,-13.01543878801648,-44.75013601372939,-0.2055854474445272,-13.537857290539982,-3.524078651089791,0.0526607109532026,0.0888925707232031,17.262423016130924,17.219934076070786,17.417891955003142,0.528283812906894,7.638208910951461,-1.887809010424364,0.9993931233951482,9.26774312868377,0.7163984211395297,39628526873215186
793611485587328640,146.89770747913488,33.25817059095169,0.0542876437123392,0.0388507395982742,-5.282768699278191,-12.78115438028806,-43.57756115989992,-0.2020885262882378,-13.414017880673017,-3.365958514274145,0.0248666611918937,0.0408519102097594,15.248744118958712,15.472324065864086,15.691002182662489,0.0,10000.0,-10000.0,0.9984386907350836,2.154432581641609,1.07276410297398,2305843015123472290
793716935624289536,147.24093249684353,33.61030828600552,0.1371882248420808,0.0578628107905387,-5.263317117336406,-12.65435080210304,-43.12406798197907,-0.2217830516190471,-13.289477807856198,-3.3503553385916938,0.0354555025019001,0.0572452362271108,16.692731119692326,16.289720533415675,16.11565164849162,0.0,10000.0,-10000.0,0.9977487741506672,6.514358183941112,1.462916354775233,2305843015123475614
793785375926678400,144.6684817208671,31.85371282436911,0.422634935317546,0.3431690335273742,-5.0846941246218895,-12.92689096418215,-45.81738288303984,0.4948238721329547,-13.485521106882272,-3.331567921662608,0.2220411414706755,0.3229126132976618,19.589298002421856,19.28266963362693,19.18070099502802,26.857893582033537,4.000970672822817,-10000.0,0.9992230069075584,32.67735883814148,4.937239445953782,39628516580395030
793810939572405504,145.39376815314844,32.19615800613795,0.243765197178032,0.1595299392938614,-5.025254961971746,-13.02359550933627,-45.18130024449391,0.1935032659504573,-13.506874356700305,-3.5258435211927885,0.1145824995953817,0.1703365007589911,-999.0589591041208,-999.042211893946,20.692836172878746,11.790892619994445,2.0683941694428487,-2.250000081929078,0.999814806808332,21.80235082137341,1.2057153810448846,39628526860636200
793952776572225024,146.05024484838216,32.94890454318701,0.340875056184619,0.2308208048343658,-5.127143922985939,-12.71661955148873,-44.24715148875663,0.186830555740343,-13.296969954601554,-3.345236561252544,0.1570747361922307,0.2688698014114593,18.97991982102394,18.77419777587056,18.726519545540214,4.849988045720319,6.720285239624382,-2.749999966969959,0.9996314832691608,-7.005765430828474,5.800879009698892,39632940216356185
793986414756229888,145.3627276112021,32.87197037557812,0.1605052416793438,0.1831454038619995,-5.470453214984689,-12.88558179268508,-44.64788351404462,0.6093024778375461,-13.65591395728757,-3.078975560876064,0.1135897232677878,0.1823629140236606,18.618854343891144,18.41684250161052,18.382657336071134,16.97400117008366,2.6903232333790528,-10000.0,0.9944082143345364,19.175735037759456,2.722813944452784,39632935124468486
794332829638229888,146.42163646518478,33.07442664360818,0.0945496032642584,0.1119545325636863,-5.203618392316171,-12.92846053833745,-43.961984966346506,0.0095535943873775,-13.501125252637092,-3.455770996001453,0.0940853047065556,0.1257143638239259,18.098028395324945,17.8991218265146,17.82959776930511,11.894406438792007,1.5296629282673877,-2.499999922143209,0.9998284229526884,13.489379193913264,0.8803850221938911,39632940224741881
794347947923184640,145.9987277238112,33.22977382595204,-0.0136315668499983,0.2121694386005401,-5.227460964043107,-12.9602155227992,-44.04551925283028,0.3870704477195075,-13.554652445925823,-3.40072515769164,0.1422144310191483,0.2027707479801714,18.933290630578995,18.714072044938803,18.66201413050294,3.30258682236412,3.624592626654101,-2.500000003123281,0.9995920199111972,4.774545397776451,3.5479901935683915,39632945287266719
794382651258688000,146.43499241071794,33.60547704214727,0.1668032548111112,0.1125566884875297,-5.2917654578792055,-12.90336236743214,-43.527308489402685,0.3148359941313151,-13.532695317948622,-3.371305307746364,0.0883765694034446,0.1126079321780382,18.118423461914062,17.91024123132229,17.874984541907907,10.86641109553446,3.4452898754505,-10000.0,0.9997624228555206,-4.202126268147353,5.456113909967054,2305843015131858428
794510439424008832,147.5351746647296,34.1979758047409,0.0976390471753122,0.0537896566092968,-5.3013647600227545,-12.7680106366309,-42.50725877631521,-0.0651282294720298,-13.393471440302266,-3.426585284760665,0.0326069344523586,0.049912456437205,16.615751214325428,16.25417534261942,16.12732644751668,0.0,10000.0,-10000.0,0.9985864141278892,-15.160783563425198,1.6455150442286228,2305843015131860680
794513944117263232,147.49670354959525,34.28650772302802,-0.0252554859939939,0.1569792926311493,-5.58712565126414,-12.77192336438825,-42.45554037812701,0.0134499094473763,-13.56938110419882,-3.1952927749788693,0.0917813042630164,0.1428497915051257,18.45034906640649,18.25740553252399,18.231643753126264,0.0,10000.0,-10000.0,0.9887888366371794,4.508237957791381,6.881147977751686,2305843015131857932
794522430972601600,147.0269237846782,34.29916424034136,0.124573951780474,0.0942720174789428,-5.267192896960646,-12.7373902831311,-42.67759588878283,0.3320200415888949,-13.365428848520343,-3.368938101796364,0.0651986063664391,0.0979269005383423,17.842874817550182,17.557106411084533,17.447895884513855,0.0,10000.0,-10000.0,0.9985138245313177,-1.6945796301177851,4.748741408994565,2305843015131858578
794553281719855872,146.5099485046717,34.15732440831971,0.3181741804174271,0.2300291210412979,-5.009426279957493,-13.06156584762729,-43.04573757292405,0.5914443511417802,-13.490665109578169,-3.701460380369173,0.1522123681478482,0.2934902061130222,19.03032509982586,18.818297969177365,18.754775673151016,0.0,10000.0,-10000.0,0.9830679228601956,14.010872764276892,15.40046121276041,2305843015131864788
794571256160820608,147.0221952590506,34.37436726130409,0.2805565788820261,0.1030701249837875,-5.272610467490671,-12.87728109101429,-42.619558601219296,0.3800048631300208,-13.481129080232051,-3.4473102791898405,0.0662839518599702,0.1055747970582817,17.40611756965518,17.555733179673553,17.726835053414106,0.0,10000.0,-10000.0,0.9972234579260056,-18.76397491704607,5.567229967596251,2305843015131861316
795868847382327040,149.81675151528742,36.29300499311785,0.1324029126300067,0.2210095971822738,-5.406210125657539,-12.18323469327509,-39.71082468874482,-0.2653068447458272,-12.916127497721996,-3.29119522009461,0.158461237638305,0.2472107711005674,19.26342221908272,19.020307414233685,18.92358560860157,-20.338177391896583,4.15094845614108,-1.896437113194421,0.9958390020483312,-20.39614652453764,3.594831752459001,39633005043517166
796057276187475840,148.18211207728342,34.91619322745871,0.1866601088833315,0.1546016484498977,-5.285135672508236,-12.56089658543832,-41.61303789706386,-0.0571093109036803,-13.196538892220508,-3.400021084200316,0.1015842934115965,0.1600544660254592,18.453639928251505,18.28754490800202,18.25389182381332,0.0,10000.0,-10000.0,0.9953991885529476,-9.22735849128061,3.737560456905743,39632980406175305
796193035812275712,148.5521483498904,35.51771448279786,-0.0444976508697348,0.1117817834019661,-5.525110148166743,-12.51267612080747,-40.95150907453177,0.0677779401590907,-13.291544698441214,-3.2293568063841738,0.0650217339913417,0.1488079371343302,17.802643179893494,17.533331794664264,17.40863011404872,-19.4163655744168,4.674274067398599,-10000.0,0.9997354030870051,-16.734591610170217,4.209461615613565,2305843015144441464
796223203662529664,148.0486839336142,35.40892465986563,0.1949399689194241,0.1584638655185699,-5.433928843881843,-12.86977361672583,-41.286703377393565,0.3278444294544256,-13.537134842399624,-3.4503095346408275,0.097797668651347,0.1496711180402028,18.45181657373905,18.277625957503915,18.22130201384425,0.0,10000.0,-10000.0,0.9926903700222788,-7.873609008444186,3.894949663157021,39632990292150241
796224165735202944,148.0395684199106,35.46472076570058,0.4598387876009887,0.1908944100141525,-5.052193731559128,-12.76896169808107,-41.24674057128573,0.3674852852844613,-13.226438832009023,-3.692202617867912,0.1241209573857101,0.170339582053285,18.74709770642221,18.561118276789784,18.52752021700144,0.0,10000.0,-10000.0,0.9816819685842316,-7.282963655890712,6.5363624702849785,39632990292150156
796597411274628736,148.7780621458985,36.03399968473119,-0.1347131755866976,0.2142550349235534,-5.542596514484854,-12.25287902279982,-40.43046897135383,0.23707934319179,-13.08901263592486,-3.087259089604695,0.1226128152721771,0.2247688393716436,18.88748631626368,18.67784157767892,18.622336138039827,-16.523224274904095,3.4194298554951104,-2.619258448634244,0.9990510259779772,-19.173825485508274,3.4003182724439056,39633000136183067
796618027117773312,149.41863673295288,36.39246001502613,-0.1193044246663115,0.2194398790597915,-5.625009055860319,-12.32053113693033,-39.83046332978228,0.048398313505439,-13.172462065634864,-3.1499932545945044,0.1324213082424603,0.219732989174408,18.954988732934,18.80101663991809,18.706362640485168,-23.023102937449977,2.555657250156953,-1.9014258292272408,0.9995701105073064,-24.02239966118451,2.592015094818775,39633009913104194
796642186312057728,149.3036894622378,36.66181914859333,0.1417197751370444,0.164235383272171,-5.575898811604987,-12.44522922797509,-39.674880339117976,0.2868945658205833,-13.24442969188663,-3.249532309544746,0.0907211636235929,0.2099267908715067,18.09496613591909,17.892276300117373,17.83109342865646,-19.61315925636603,3.291517457176339,-2.500005200745088,0.9998053826464276,-20.87471712188442,1.4145240168872346,39633014770108011
796715952372216960,149.7934480717633,36.53512978515577,0.0506069967391738,0.1307337880134582,-5.486293447618421,-12.36875060592034,-39.53219652703035,-0.1007819802701532,-13.112192125885514,-3.340033682270508,0.0824205167306853,0.1396281146579819,18.25010473653674,18.065005213022232,18.028052002191544,0.0,10000.0,-10000.0,0.9940189102429224,-20.0586994088066,3.0863111592819785,39633009917299747
802583324375146240,152.17697433457994,38.77685831613983,-0.1347166778421313,0.3854332566261291,-6.300130927425557,-12.07562166566569,-36.60280990398837,-0.1597458434738984,-13.316583371349626,-2.86022649957889,0.2378980889283692,0.3356255200310292,19.89159842580557,19.69069141894579,19.578482722863555,-32.74835631258784,4.774870330256602,-2.181880332744901,0.9974467717774096,-44.97859888983974,4.989042432046705,39633053122825678
802781137687773312,150.52482687371855,37.54097430271413,0.11850140463078,0.1459020376205444,-5.883231203339475,-12.40898787716905,-38.38139029216677,0.0670901987316439,-13.3654481503844,-3.155976119532892,0.1033568125310943,0.136207519261287,18.349588055163625,18.26638749986887,18.29411855712533,-23.336124325398924,2.0959871282412297,-2.185576604051394,0.9996918792399676,-24.40253597938993,2.0734975292257323,39633029274010294
802809858130139904,150.73916819049404,37.83383669239889,-0.1925562708686612,0.1285814791917801,-5.911316730522671,-12.48932057452292,-38.046792551853855,0.1179235141177674,-13.438438860637106,-3.2148335712252982,0.0895426170866632,0.1307469518789327,18.273332990705967,18.10858542844653,18.073746230453253,-31.30363044709668,1.6075381786299168,-2.3544098550357684,0.9996869882293504,-31.89327533678432,1.6883878907837775,39633034076488421
802830680131709952,150.87849835698347,38.05447283333179,0.5748788564798268,0.2494182139635086,-5.811089131391514,-12.42456863910612,-37.80601524829564,0.1706485452088094,-13.320340176969232,-3.272185864319917,0.1574499348783158,0.2317764445437703,19.415597945451736,19.11278784647584,19.023002445697784,-30.0048718998374,3.30549024255847,-10000.0,0.9997644274363258,-36.87266480414688,3.65241191420499,39633038857997545
802855251643321088,149.98914023966265,37.81042498079311,0.3478882770705745,0.2460595071315765,-5.486840296725897,-12.65973942897226,-38.43435538795649,0.5666518443117587,-13.334155185276687,-3.546085778179766,0.1716223036259061,0.257106140915166,18.95640187710524,18.801252365112305,18.738249523565173,0.0,10000.0,-10000.0,0.9852457764741568,-17.264281457923612,3.733005658519596,39633034063907683
802903213538972416,150.39972751955935,38.45000050434269,0.2218792533681155,0.1284233033657074,-5.728072556117596,-12.20286340157367,-37.73258948117979,0.7113949160525248,-13.112024967280306,-3.129775017957632,0.0928759032946746,0.1254483301247421,18.29346091672778,18.098039876669645,18.060257136821747,-28.849152845793512,2.171036127870982,-2.5000001038571344,0.9992146886600078,-29.32511679176842,2.2198043859542893,39633048370676142
803346488523602816,152.00694788784205,39.18134924751717,0.1067351416533205,0.3196423649787903,-5.665689669121619,-11.83712627455864,-36.3755266519014,0.2000113802510986,-12.7339239042522,-3.172503722196772,0.212424972584713,0.3067907369070462,19.753109082579613,19.500621773302555,19.411146303638816,-40.08262742780375,1.3406046957882272,-2.6164706242390583,0.998497608303863,-41.77985034360859,4.308578042035179,39633062539034981
803361336230087936,151.83343096740606,39.2699342210537,0.0470181046552727,0.1080904528498649,-5.690234155567461,-12.21269201503341,-36.39270697220525,0.3600739454729629,-13.04554223425472,-3.367853739924542,0.0699912223264376,0.0955059051971964,17.95481852069497,17.71371392160654,17.662225238978863,-17.521024495532135,10.02149003590442,-2.549647158618534,0.9963840379897806,-50.40115901584943,1.3050554380252957,39633062534842326
803407064742685568,151.5177925223574,39.34664780860234,0.1528657313277509,0.1938292384147644,-5.861658544393514,-12.68507744498419,-36.48827421798615,0.5975569699446814,-13.531418231146638,-3.48868905609264,0.1482288517594424,0.1885422099401544,19.05019799619913,18.83444744721055,18.779137695208192,-34.285399499170175,2.4774010943438265,-2.272501306618233,0.9891312552157484,-32.791725154508164,2.5686854932111465,39633062530647875
804436551223805568,154.8906903303495,41.50660904532797,-0.0223407934578253,0.1388516873121261,-6.287033044762401,-11.88262643487075,-33.18037646267436,0.0382476176484195,-13.06943699647612,-3.1485571444337417,0.0807391208833357,0.1330846415475844,18.147545106709003,17.92693154141307,17.884868025779724,-66.5542926665384,7.27029388027922,-2.356298446655273,0.9999289764794684,-78.14803211105442,4.475327612995079,39633104108783717
804806949203670016,155.91514339719825,42.15576467930241,-0.1285721672806316,0.1897626966238021,-6.29210878046612,-11.65659092430045,-32.18774775322396,-0.0986529479460583,-12.86665323151376,-3.1489648301749726,0.116009624003301,0.1971075456141007,-999.0461522564292,18.543357953429226,18.5231268722564,-71.62117826741712,2.764647056067726,-2.359529770859094,0.9999349378821168,-72.62788813124097,2.9175689534776423,39633117664773704
804866666428999936,155.3168728825324,42.29424723479143,0.1351282954037569,0.2735373377799988,-6.68336680609468,-11.38808179282153,-32.380622748932296,0.323541280345069,-12.94829484344849,-2.587945021040188,0.1877618020998402,0.3327831099659646,19.59837380424142,19.30627404898405,19.175669817253947,-70.00017706962569,4.399674309446335,-2.316245734951384,0.9993621631737964,-74.44674723737344,4.835135439566096,39633117656385479
804952638795389952,155.9183946352259,42.36075177652587,0.1263596553120522,0.140208438038826,-6.283643438828292,-11.79358935294022,-32.034069860942,0.0370254351006317,-12.962478408820392,-3.2476265476467168,0.087569647843387,0.1296824932057287,18.08498479425907,18.08388342708349,18.16394715383649,-70.04477647694812,2.9307914345825243,-2.783309262008993,0.9999684810183684,-70.37045134487856,2.217303113426426,39633117664773746
804957651015482240,156.27776802806983,42.52326549495812,0.3719156276186075,0.2005210667848587,-6.614946827446929,-11.51165333850546,-31.7354829849142,-0.050090629041568,-12.963486820624086,-2.8676983048046893,0.1089890253973215,0.2025789066867533,18.74446675181389,18.54723550938069,18.492923894897103,-64.7576640098149,2.5542854748910444,-2.2500321739770275,0.9992177936885076,-64.90692626662519,2.4888367501598814,39633122144291951
805122818278204928,152.95573886080638,41.33561185420191,-0.5919228273069819,0.263079434633255,-5.893869756681899,-12.02932504785965,-34.25778356785594,1.0250332526209256,-12.994589305832172,-3.253153944796529,0.1667306585830386,0.2637534443200229,19.5391252823174,19.298399038612843,19.235980421304703,-59.1163151444131,0.887743038859233,-2.4902322008232987,0.9985347692256368,-51.80057780680984,12.25142914838462,2781867820449794
805160343411676288,153.92832248263264,41.08692053432822,0.1186508445832558,0.1413205564022064,-6.181060965844909,-12.10538347316437,-33.971986702235995,0.3070511722084018,-13.202810672179805,-3.22980093046427,0.0905130830520222,0.1390694278507586,18.387501437217,18.20125761628151,18.136243622750044,-59.809827647463,0.895151901716066,-2.3822069266395727,0.9998853903550788,-58.79012370636179,1.6029950427222943,39633094986170620
805277883782121344,154.43955691716624,42.30558141330317,-0.6620968638372225,0.3530020117759704,-6.149961893772332,-11.72789048156732,-32.801405267664904,0.8176516503339746,-12.879255793566376,-3.0806195231440183,0.2171873481924046,0.3231865592448766,19.91858561336994,19.632129080593582,19.550995575264096,-63.07895936779308,0.9327637857119894,-2.62653326084988,0.993962173960996,-82.14002469166768,20.16562701670804,2781885931454464
805288505236136192,153.90268098051789,42.23980151946872,0.5165128459290423,0.1917096525430679,-5.756084713925235,-11.91292633086166,-33.11147630067853,1.0746070603218107,-12.781087373368488,-3.419668193369275,0.139264771678448,0.2161275836892756,18.99243016913533,18.815785467624664,18.76195158064365,0.0,10000.0,-10000.0,0.8658771201205041,-52.09038598776101,9.479900039164344,39633117639607723
805549261288526080,153.76960675669793,42.81637831228284,0.0807994006086729,0.1290910989046096,-6.02923659184466,-11.82857329829896,-32.73835650173493,1.5250645148266535,-12.900973933882083,-3.135556044940813,0.1054901088168704,0.1357995841578705,18.48023886606097,18.300374932587147,18.25579022243619,-80.25717635755662,8.34855141811866,-2.4736313819885254,0.9748557688311142,-68.14688104844305,2.9363419633369285,39633126569282075
805903505893328128,154.85388780087504,43.24125803190807,0.0801339685802836,0.1145709902048111,-6.275756781363436,-11.86879831913759,-31.897302071847605,1.2060307010128692,-13.05373297997279,-3.139036796019321,0.0838451571963627,0.1277325211032335,18.175313249230385,17.996127298101783,17.92911920323968,-70.68638966131637,7.444772069840905,-2.443662488066914,0.9973870942559104,-71.40277939608995,1.4898278295208167,39633135444428757
805927493288911232,155.17038321293782,43.60640579019034,0.0080318954260456,0.1169146746397018,-6.310055261431384,-11.64030732172613,-31.47140097951149,1.2757758753505417,-12.89413220155675,-3.009137204470097,0.0760300770370421,0.107425379337388,18.02723560854793,17.770612075924873,17.661841575056314,-74.91205962747422,7.354018953429541,-2.144089386652373,0.9967636053124778,-76.76224841786225,1.6987027638650294,39633139852643209
808664418247435520,152.97796478216398,43.71472443069443,0.135119006242787,0.1637294441461563,-5.998793789618995,-11.89910279736217,-32.42754130227297,2.5462525125664843,-12.964991045599694,-3.079477471923336,0.134458311165595,0.1793674213887845,18.933204662054777,18.739747961983085,18.675356913357973,0.0,10000.0,-10000.0,0.5385394713734263,-77.51298362223501,4.338135267201848,39633144214718842
829077435736897664,157.74455135629154,43.92650801231738,0.0613831869511913,0.1078234836459159,-6.554540869582526,-11.32766178258161,-29.979927744975782,0.1208495836208629,-12.736026610065974,-3.0119020002780656,0.0812987236059329,0.1176861910650328,18.083953998982903,17.88885081373155,17.8322799988091,-85.94438598360428,1.307206949313825,-2.487014644838824,0.9999843542801532,-84.39583384943391,1.4176607863150716,39633148643904170
829913579967216512,157.18150332537152,44.51431616323464,0.1110245088943755,0.1610462516546249,-6.794025568587657,-11.12366903409907,-29.82721396243619,0.8172813431527917,-12.770386478405609,-2.609985708572488,0.1224477370314126,0.1812223352433202,18.71704500541091,18.4987663179636,18.44330499134957,-100.81605430070944,7.193244168089363,-2.154920495439879,0.923596828266512,-77.15069441089705,2.6772242496087,39633157317725537
830233499192562816,157.4718826115037,45.43491461709198,-0.24572316147929,0.2470718324184417,-6.379140231118214,-11.45396034883992,-29.01421202662124,1.295770306547269,-12.718813388393167,-3.180946989859899,0.1534057794225365,0.2048092576596776,19.045063886791468,18.846276845782995,18.79833770915866,0.0,10000.0,-10000.0,0.7955059287385636,-90.01887934138287,5.888551159215812,39633174468233584
831245908883701248,162.62725197376108,46.60589598897721,-0.2502847571754362,0.187734380364418,-6.854726272988433,-10.96403961386437,-25.65598182013582,-0.4084346512003763,-12.499876051493471,-3.309159353866931,0.135726040838296,0.2292291646413822,18.590921811759472,18.424339950084686,18.3841885458678,-106.91875118091272,2.329978697792709,-10000.0,0.9505684428845156,-109.52193473625512,2.340877338682012,39633191375470702
831307554553041152,162.17074441353844,46.82277561478853,-0.0873402697694269,0.1723646819591522,-6.966635099748756,-10.572610111217,-25.734874659470165,-0.0359029783984471,-12.330666795383593,-2.8755426545408573,0.099835465299167,0.1412610967732885,18.46502532437444,18.26419654861093,18.229142386466265,0.0,10000.0,-10000.0,0.9986988842896494,-106.40750758421746,3.4784394238425933,39633195527835152
831326826067740160,162.18365140120838,47.07480611079132,0.3568774487623726,0.4425692558288574,-6.626324860613985,-10.53363877703939,-25.5550394048596,0.1408916416969761,-12.056457125285606,-3.0834345509007828,0.318534575423546,0.4817542613936223,19.92717681080103,19.647649597376585,19.58010107651353,0.0,10000.0,-10000.0,0.9854207849530346,-104.33340775495073,9.29191515104952,2781967959457792
831411247944685312,162.79514242059284,47.10601577447234,0.4016364983157878,0.2338991463184356,-6.894637848603253,-10.52559254553809,-25.2304493504094,-0.1216821790249899,-12.222621794943294,-2.988585945870835,0.1737464243063371,0.2010070605591785,19.374368261545897,19.14294110611081,19.1049191839993,-113.71626149259244,8.94001736007286,-2.331117868423462,0.999794389293875,-112.4085219894126,4.000322727296937,39633199680195815
831423209431680384,163.22085025889777,47.42844327522749,0.1140727451531814,0.2782375514507293,-6.792467396013215,-10.9690354430459,-24.799368031341373,-0.0819634591642373,-12.431867496168069,-3.450510459978305,0.175295174816426,0.2279699395142617,19.451488744467497,19.23466482758522,19.156657269224524,-133.95976079031857,4.555080520672397,-10000.0,0.9640241835885948,-134.30713191558212,4.249122660108153,39633207913613105
831425301077776512,162.85157998122853,47.28499205142003,0.2004636462896021,0.1172951832413673,-6.941116141126063,-10.44197010167436,-25.08031706118635,-0.0169754316065106,-12.19742358217995,-2.9045982244955053,0.0939918283898341,0.1255494878390302,18.28468560427428,18.08938907831908,18.048832600936294,0.0,10000.0,-10000.0,0.998808100464579,-113.5311981517482,2.172000807336224,39633203807388902
831429870922999680,162.65399195127807,47.33334330673465,-0.1240521649809494,0.2001149505376815,-7.224177183898552,-10.25477523402018,-25.145179847557188,0.1098292086120762,-12.283303878231894,-2.543540233542101,0.1541603424870041,0.1793497322296963,19.129812378436327,18.922062277793884,18.86760282702744,-111.25294065716614,2.718781703018509,-2.4192152973728263,0.9995971623842084,-116.06343316735511,2.7734539856534464,39633203803196382
831432452201307776,162.86083691594777,47.48293318847337,0.0101503297881599,0.0777398720383644,-6.955944673637303,-10.28944461494132,-24.9407648471917,0.1235421254572821,-12.103938198431496,-2.7843341888500146,0.0569813308285488,0.072086367516733,17.113375212997198,17.165010560303926,17.265411231666803,-117.32877248609915,6.1182125266110585,-1.87899320200762,0.999924247981216,-117.4867125127774,0.859858773780306,39633207909419219
831441420093360896,163.2078328441011,47.66724880123995,0.3174432457447489,0.2582035362720489,-6.857131440360887,-10.25738048722042,-24.643797394112312,0.0994285956040837,-11.997057453742736,-2.8817908497307694,0.1959982266616416,0.2385014245634432,19.44604669138789,19.172198921442032,19.094866139814258,-123.11265737621414,9.064356908704616,-1.9385061417441845,0.9997479761628536,-123.8810009773166,2.8602142000211632,39633211998865522
831451414479284352,163.89736610537372,47.65181430769326,0.2795684398496251,0.2044110596179962,-7.194776207183116,-10.14450484603363,-24.31167420910077,-0.2255662309774448,-12.145128910349037,-2.677989356523294,0.1515004853644481,0.1992381762154887,19.01949518546462,18.72017084807157,18.61400847695768,-111.81469010029502,4.644031140493705,-2.3869679976765963,0.9985350177323348,-115.78602975948824,2.5215087047982188,39633212007253925
831470449774408576,163.79297918524412,47.93325661582008,0.216995219939396,0.4573196768760681,-7.020520424508828,-9.20176445294016,-24.17431462928147,0.0298945747939433,-11.38538992998767,-2.081603281241176,0.4325240442132617,0.4981065792598921,20.2676452845335,19.93590485304594,19.76775587722659,0.0,10000.0,-10000.0,0.7947337216449303,-111.82969679716491,14.10820706134738,2781984354992129
831471514926515328,163.94893727522995,47.96949385558198,0.054425459514989,0.297006607055664,-6.962509740568529,-10.65507433660427,-24.072622484308,-0.0134945374355036,-12.31403784378428,-3.2205004250772955,0.2550906221970544,0.268369901732763,19.67173683643341,19.39632858708501,19.28600593656301,0.0,10000.0,-10000.0,0.985917284325768,-119.45788604834456,10.13069296228441,2781984354992135
831476222210678784,163.85768052642192,48.05696548519226,0.2235847248487755,0.2877410352230072,-6.865155214541149,-10.86799765330143,-24.059061938397235,0.0923077919269008,-12.38893778817964,-3.4289866713828943,0.2424064637260495,0.2722623827385358,19.702936686575413,19.41493386402726,19.33679062686861,0.0,10000.0,-10000.0,0.9447748389619476,-131.55083821585453,7.037976851589369,2781984354992131
831836454003334784,164.2975730624278,48.05100516648633,-0.0076420707955323,0.1114712804555893,-6.962465068949901,-10.33681048170097,-23.844838500817502,-0.1091907374063616,-12.086662231889202,-3.0394352868869667,0.0823156102477089,0.1011053376361094,17.82290955632925,17.514425739645958,17.370492067188025,0.0,10000.0,-10000.0,0.9950295841510672,-130.72548477745028,1.470312469408732,39633216075729933
831872802310712832,164.98740539487585,48.49881687086205,0.0609710616754901,0.1874596923589706,-7.383694220352801,-10.1098483918466,-23.20416424406193,-0.0798608620992194,-12.224633497264843,-2.6993167104556126,0.1550953686116312,0.1835080122108397,18.95149775967002,18.74983912706375,18.69350576400757,0.0,10000.0,-10000.0,0.988163026286899,-128.67268811163038,3.141179389022568,39633224158150897
831973132746540800,165.62156163200623,48.72382807187522,0.1691015909355777,0.3764049410820007,-6.959310178866545,-9.551490533843594,-22.74041937655324,-0.1864743611324318,-11.51532003534646,-2.657136441232883,0.2466779994181359,0.3066847034566925,19.722999211400747,19.36548263952136,19.22940820455551,0.0,10000.0,-10000.0,0.8974335350087387,-138.56229019458345,13.19622940846525,2781996451364871
831993164474065536,165.33086623495294,48.93540667567024,0.0696178623408395,0.20900459587574,-7.086585046172162,-10.25063429086959,-22.74584493979694,0.0987559786752508,-12.081264242215452,-3.0558542654303347,0.1553025100084875,0.1919868115029059,18.77598326280713,18.574437083676457,18.53379296511412,-133.4915388399147,2.41686889351238,-2.605627025116457,0.9996540632035922,-131.36077785290587,2.296609606304139,39633232152495222
832020789703506816,166.68494793629972,49.37051443428901,0.8349315304771691,0.3076957464218139,-7.343252480209211,-9.841714179874003,-21.79043525680771,-0.1478338261646241,-11.95742246336042,-2.793339044791277,0.2273566216669587,0.252067901092588,19.251375921070576,19.05916628241539,18.994263883680105,0.0,10000.0,-10000.0,0.9694964646325926,-141.44784016466704,5.86518698658349,2782004420542464
832032472014559360,166.42001416554027,49.39838890064959,0.0075165160824498,0.0857032388448715,-7.077327429556494,-9.721655594698632,-21.90411775450116,-0.0151763012171775,-11.68673032063724,-2.831869605011167,0.0653532159499938,0.0693334755395435,17.46801684424281,17.094898004084826,16.922527499496937,0.0,10000.0,-10000.0,0.9938998739713982,-136.90682338955466,1.5807202594987488,39633240079730732
832084183420706304,162.37147262472743,47.20759811104983,0.2813637454601968,0.1901164352893829,-6.831117100276128,-10.22403504028091,-25.37097377891041,0.1495542165712572,-11.985465013104566,-2.7465763710887967,0.1660138200633259,0.2215659977715778,18.84912020340562,18.6411650069058,18.564392652362585,-109.09323936983051,7.695021405589177,-2.1805814625097426,0.9992742655519958,-114.50213596430744,2.630220280933651,39633203803193409
832088615826985728,162.31170792057344,47.30457441477166,0.0548566954874683,0.2131477445363998,-7.216005503418632,-10.05902164311086,-25.33387250475533,0.247907278510424,-12.153920663364326,-2.353054260017468,0.1846515818971927,0.2583293517330638,18.89012948423624,18.71744779497385,18.66769801452756,0.0,10000.0,-10000.0,0.9347860278413436,-117.51633464945888,4.966318597422929,39633203799002216
832181318400870400,162.71079937920408,47.41781820678363,0.5156542482566897,0.3592265248298645,-6.571789762153284,-10.42211951352403,-25.05936099805592,0.1451995925315576,-11.919405140684194,-3.1203808941140863,0.2827157303685143,0.3165247626216686,20.02055962383747,19.73361188545823,19.652590319514275,-117.7123414428462,4.98727103653744,-10000.0,0.9995049330088362,-121.62226814912528,5.005747665629257,39633207909417442
832183620503381504,162.88569397639432,47.53496301614376,0.5585549241558867,0.4269746840000152,-6.957749276469127,-10.77916502214784,-24.893011732155685,0.1501629992461208,-12.438157154590368,-3.145301283917759,0.2867670389385683,0.3466591221876325,20.16310450807213,19.886388700455427,19.73032083362341,-123.21782531915198,14.22601853230362,-10000.0,0.9991614944906998,-152.75458091600467,16.487070954476515,2781976192876547
832194684339183488,163.06242308256594,47.75601383491861,-0.0528299308177331,0.2092078328132629,-6.951596905311844,-10.5411224159213,-24.65531285184261,0.2310318937102243,-12.264637409201264,-3.0031034850968115,0.1508928871028715,0.1886643918009639,19.138929914683104,18.93084856122732,18.87556598894298,-117.88559834307074,13.583318387261674,-3.629744203082674,0.999574568282248,-125.80542771101128,14.482152016282974,39633211998864270
832245845990172416,163.71205300993205,48.33377311116538,0.3240383995031729,0.1675612330436706,-7.0316857722339465,-10.11338497573284,-23.94454859695957,0.3623683512795387,-12.01006740454446,-2.735587945052171,0.1416193054835533,0.1672200222858132,18.7736968845129,18.558461740612984,18.479168489575382,-125.14170187443015,8.451175973629317,-2.344975119282692,0.9986763781297034,-125.79040322785453,3.3943742653738007,39633220114843155
832298558124143360,163.648628931981,48.51435146523032,0.0015432129525166,0.1910008937120437,-6.531204641181595,-9.773454362832725,-23.853912736722634,0.5241263663928214,-11.413572373256384,-2.8120117225581898,0.1434474501866067,0.1807023418064034,18.968500073999166,18.724515732377768,18.62300425954163,-126.99553732644864,10.681477772977452,-2.38837851162585,0.7531086839345345,-129.962843278104,2.5568467877217693,39633224141374960
832305769373642624,163.1590967288206,48.48629801719475,0.2145344653566128,0.1744713187217712,-7.082001647053949,-10.2594908468615,-24.11172628796527,0.7229825614482428,-12.165577320441184,-2.722246907625522,0.1372279176210314,0.1555000288253788,18.96298484504223,18.758878495544195,18.701029367744923,-119.85994428184868,5.358819583091437,-1.9658210268006828,0.948076019707263,-126.67459731530506,2.391290731523376,39633224137179966
832510175457488512,163.56492966932467,48.95692196405813,-0.1596751392645359,0.2101713716983795,-6.855373936144282,-9.85079280733138,-23.595982522758334,0.8879920314003162,-11.708138556427429,-2.636998725982898,0.1563139837385913,0.1900571020262284,18.84402982890606,18.65664128214121,18.61404182016849,-132.07572317513112,2.769685409657449,-2.7500000398124964,0.9416410260131696,-135.3466454316397,2.6685169043642927,39633232131525078
832648713921897216,165.0239593556653,48.86724131809269,0.0731803886010927,0.2791165113449096,-7.203451916686696,-9.979388075319154,-22.94245271307188,0.1805738698100853,-12.001864897586914,-2.726379440560403,0.2064901404349303,0.2592135724134091,19.549032904207703,19.285552326589823,19.23510467633605,-134.2991621811333,3.1149973210096653,-2.3420411613774217,0.999626032255455,-132.03840106117033,4.461276797006659,39633228163712404
832675789396371840,164.02139736523392,48.68949952598138,-0.2217524374755474,0.3729407489299774,-7.025634429983885,-9.7351840063047,-23.553680328696032,0.4879376156041629,-11.740859139934788,-2.507104592272869,0.2644345849548628,0.318862425920744,19.94907146319747,19.683865014463663,19.57907123491168,-140.489703353602,6.866587438928558,-10000.0,0.8845426822565577,-131.44360373919795,7.815689823311738,2781996434587651
837735260870442368,168.41377840298006,49.16231397704495,-0.2997160734213048,0.1618351936340332,-7.310208420014713,-9.318467032429036,-21.05179768946892,-1.0255909064527096,-11.536369239856787,-2.6805148274551773,0.1029250146073704,0.0973316617263174,18.658098872751,18.459919415414333,18.40405914746225,-137.89736806232852,2.055875738071386,-2.0276552441674496,0.9469893971865448,-139.23243412754243,1.9346477891438707,39633236153862593
838030823340405376,167.2671053880814,49.59761673829054,0.1666771561620257,0.1477847397327423,-7.278285872659411,-9.422424621532596,-21.35461694871236,-0.216218659949908,-11.61770748919836,-2.604688789095864,0.1358978524312207,0.1322573215110346,18.72943532839417,18.583184201270345,18.542732167989016,0.0,10000.0,-10000.0,0.948254127226345,-134.55290673211715,4.238660319202829,39633240088120393
838045116991237120,166.79696928298227,49.73774197066209,0.1419800789588805,0.1691756695508957,-6.988760850713827,-9.699627451341744,-21.49838727996797,0.0863567907132734,-11.590435910403151,-2.9304174327439467,0.138020231441355,0.1551442407172249,18.78290226310492,18.585973754525185,18.52400327846408,-135.2138737440093,1.854518404014686,-2.750000503792145,0.999175249453474,-135.6757844738522,1.9053261477074277,39633244009794214
838078171059374464,167.77866207068337,50.14629684738084,-0.126414815420382,0.3837809860706329,-7.50669334679022,-9.853328802645605,-20.751275927228903,-0.0023805828307573,-12.049235638343372,-2.8730565653091493,0.2413884395794898,0.2416491691839434,19.979135919362307,19.65816732123494,19.49212750233709,0.0,10000.0,-10000.0,0.9353498226373096,-146.5655492671588,9.28501248789316,2782020103045126
838574291322137728,170.84363274085516,51.35671968838272,0.0262741440977906,0.157485544681549,-7.3978170791576225,-8.97609681468879,-18.478706061500134,-0.2465531095402219,-11.305736800338398,-2.734652988007174,0.1244458406890617,0.1253954966272916,18.63438438624144,18.444730741903182,18.39573751017452,-161.7794210173222,3.0004483859016275,-2.749998946514676,0.9997461796518302,-157.42095817026322,2.6677591359681783,39633267200098369
838592162681957376,169.92454142344675,51.14062984946193,0.0127130697574472,0.1088386178016662,-7.379251544528704,-9.020141394182788,-19.0673842820118,-0.0701550839705577,-11.351321457453906,-2.63890229035211,0.1023290208908727,0.0854215413283346,18.40138739347458,18.22233910858631,18.182162266224623,-135.38206289253185,11.209143169993196,-2.6016562573442763,0.9989310806035978,-145.22189919827545,9.38938731454282,2305843015459019709
838618722759678336,170.2269459109218,51.54335661994425,0.0766781353991454,0.0690216794610023,-7.455469275086354,-9.079370129905724,-18.672323061837744,0.134293482905949,-11.43688160204452,-2.6863959664198185,0.0506533550853937,0.0524424900948097,17.484286461025476,17.0975490398705,16.935101352632046,0.0,10000.0,-10000.0,0.9971669096117752,-162.83054399681353,1.2291687402746598,39633270974974034
838625762210074240,170.58754923905505,51.49675374714352,-0.1827480178887327,0.2624566853046417,-7.590095834655472,-8.906757786665775,-18.521921432041665,-0.0386180516623656,-11.426736023620292,-2.5238052413140304,0.180906710607597,0.1927388953492877,19.23649564385414,19.04265592433512,18.97354492172599,0.0,10000.0,-10000.0,0.9898824288299156,-157.11163671248252,8.484008032926312,2782039262625796
838704068054354048,172.69926660456753,52.05388749322474,0.3951944879363226,0.2637912034988403,-7.333137854173371,-8.568178559639314,-17.138991788997373,-0.3626336706340782,-10.94295183789048,-2.727709605471708,0.2377645813299963,0.2334066081452106,19.81386708840728,19.537098798900843,19.438017148524523,0.0,10000.0,-10000.0,0.94710453821822,-179.9225499782822,9.491244365173705,2782046787207175
838714375975652224,172.31117739814388,52.08105995543819,0.9086375923193885,0.3084951937198639,-7.725782915556588,-8.230074294186712,-17.31716409560289,-0.2016682428636821,-11.07851917924772,-2.165238402850693,0.2569371935248528,0.2592593995648759,19.803017254918814,19.552916511893272,19.455038564279675,0.0,10000.0,-10000.0,0.936844810116441,-171.25182218315825,8.140511764972791,2782046783012869
838720977341551744,172.51362759404049,52.1777477406595,0.378940283190803,0.1466216742992401,-7.437050134036215,-8.541747998064329,-17.15981909120984,-0.1955936031950063,-11.01901410833352,-2.617728335590039,0.1283107181771387,0.1291258874467335,18.719253100454807,18.52835063636303,18.480723462998867,-165.96573607750713,1.661578261365278,-2.25000082793174,0.9999242078502564,-166.92652631256118,1.7088303847698327,39633282228291937
838721763319444736,172.49200176680068,52.19358304564795,0.1971197226188989,0.1575076431035995,-7.48266046195901,-8.67574094550163,-17.1613819376239,-0.1749996051363814,-11.134892399294966,-2.696824020684584,0.1327255247900152,0.135243264994915,18.83522349968553,18.65891394391656,18.6090493761003,-141.1552950417347,7.488462401587783,-10000.0,0.9864339990160506,-151.15460722242423,7.55695434651004,39633282228291727
838755504581854208,171.96503976793133,52.2727965601384,-0.1283043478042185,0.1729978024959564,-7.500920537606536,-8.809211606416309,-17.376732510424688,0.0780970938124887,-11.247480733733571,-2.712967965605098,0.1544967265356774,0.1447317958551366,18.72661878541112,18.636508870869875,18.64876569993794,-165.8465010760655,2.5883635032722774,-2.499999819511456,0.9999358031005372,-166.6806158532197,2.5185172966518,39633282224096007
838761448817235456,172.0863403944597,52.11244320451032,0.248522919957339,0.1712835431098938,-7.612015909318889,-8.854492667612295,-17.41075917411422,-0.0953518259321931,-11.359456294869211,-2.7032534637876453,0.1429132316917284,0.1489489742150246,18.78924461826682,18.589870795607567,18.52965590544045,-160.64907704551635,5.316560098138583,-2.9999999384713547,0.9998672279806832,-162.54295490727736,2.491650377337516,39633278499555029
838762513969140224,172.27722536161065,52.15327491107164,0.1441366119858871,0.1898084133863449,-7.438317116127185,-8.678878942703745,-17.2918739319436,-0.1308864639947349,-11.108704221876453,-2.6922465958826023,0.1595340194107833,0.1625999297809682,18.99499059468508,18.80237678438425,18.75851004756987,-166.97933560054665,3.4949958663253544,-2.2168529125453125,0.9999151985974002,-162.194480099217,3.271958164298168,39633282224098890
838766950671479936,172.27463700303878,52.25522283811331,-0.0524366958818087,0.1111418083310127,-7.540229246861692,-8.652593150816662,-17.233555571031047,-0.047251102544646,-11.176105226126106,-2.610957162295966,0.0949605888638491,0.0912298366424801,18.13552264496684,17.90442692115903,17.810402223840356,-162.8902002033135,2.4154746907956226,-2.750000314814737,0.9999665951260202,-165.36630746934057,2.988757100075204,39633282224098867
838779869933119872,172.14403338522723,52.38746277968407,0.1871973257818462,0.1433177888393402,-7.529131010939815,-8.859371864816353,-17.220861771917214,0.1066935088614168,-11.293007048409844,-2.7648282810259213,0.1338683602194532,0.1337568120128811,-999.0466549023986,21.509398229420185,21.665159991011024,-167.4151626853992,1.4090077055968613,-10000.0,0.9999188964727046,-168.15043866196282,1.413670822500311,39633285927668128
838779968715763072,172.1750592684612,52.39093710254787,0.0229674785374256,0.1647062599658966,-7.666749105677972,-8.651718552849948,-17.203482265970365,0.0984136495914456,-11.281713823497904,-2.5207556350900635,0.1536821308941597,0.1465896980956251,18.74610297009349,18.5851940959692,18.517714036628604,-153.12682696309642,8.616211922163343,-2.499999844437922,0.9994966814263002,-153.62345390671976,9.554971237606944,39633285927668387
838793128495511936,172.5773872267024,52.6759319088266,0.2812959325410873,0.1736823618412017,-7.912587151696588,-8.795861810158751,-16.838430608589704,0.187040437389075,-11.55135740440066,-2.5578042404377146,0.1825543409998558,0.1438153881074084,19.071452386677265,18.86452358402312,18.776551324874163,-168.78098887056322,1.908923849522533,-2.5000003508686204,0.9995795353420652,-168.2059731633875,2.7565748272696253,39633289614461551
838834158319213824,167.6222174201252,50.29669317439575,0.1556046881632663,0.1185780242085456,-7.275795249005065,-9.515266171709412,-20.73332901683665,0.177386676423165,-11.662223646202673,-2.7331349124903146,0.0884600534504959,0.0695058783005771,18.051749024540182,17.77874006703496,17.65996033139527,-146.19651947328563,1.7718969798622708,-2.4937549832931745,0.999820897617486,-147.12250520022957,0.4614985566666292,39633251819586385
838981969617475712,169.39155406191756,51.2063439054815,0.0561895080540205,0.1460781246423721,-7.375235764863447,-9.214992832789116,-19.29099651475832,0.1867128246160849,-11.487048232786671,-2.7125483209167363,0.1131149872867511,0.1085101616701813,18.286247991025448,18.10915156826377,18.0687003005296,-152.16162542587003,14.912770729767333,-2.4263304582020244,0.9994854090120504,-148.25799594807222,2.08814378839328,39633267183322346
839508262026406272,171.57505409525146,52.26901978577248,0.2394740266976013,0.1272778213024139,-7.696866188157938,-8.800387501727801,-17.571589862338612,0.215921954951847,-11.414522867097418,-2.529275986421,0.1177430007580388,0.1108158704103416,18.53893275931477,18.31359993293881,18.244070122018456,-162.63622822237363,11.01092431667504,-2.440225271146605,0.999453571449567,-162.6618529544321,11.665772373330862,2305843015467406433
839792275327796096,171.76857822243667,53.17589144632974,-0.3275105354237684,0.1478036642074585,-7.868050314922103,-9.079840546926464,-16.94069328208917,0.8778611664279169,-11.711105365072466,-2.6832314927949525,0.1391296361751284,0.1356309247680859,18.66919231042266,18.484779926016927,18.43574795871973,-170.81434669479947,3.199727101858579,-2.8008224246081177,0.900684680353276,-172.8381947978596,3.1612022812332428,39633296912548614
839900164905897088,172.233309334032,53.9408280040255,-0.1579211151474388,0.1735352128744125,-7.22869698798664,-8.24700545813298,-16.267586457439506,1.334395345964822,-10.68811679124213,-2.4558743101735385,0.1817314073140743,0.1148941694515718,19.120037373155355,18.884638853371143,18.80794765241444,-184.5945810089487,2.9437391482436635,-2.319538904632884,0.8897195545982546,-160.7896108130859,2.657482135921554,39633307712883005
839947929239453312,173.51420713571738,51.69246769260303,0.0267285144686853,0.0917303562164306,-7.003350467614767,-8.043991135736896,-16.93537735853721,-0.9477159430888042,-10.341661349459262,-2.6082085225599165,0.0932632218880383,0.0801096624537366,18.12482208386064,17.811483327299356,17.68712834082544,-169.15658024953154,0.8914539362984958,-3.0024770343799583,0.92267136866926,-169.94541539926522,1.0206571802950413,39633274770820229
840088391849132032,175.03352879595803,52.58490919937423,0.0448302572204452,0.0875972658395767,-7.304204657141197,-7.888320019779893,-15.662447352823849,-0.7335961944344143,-10.44840062623212,-2.5313875170774773,0.0814020008302418,0.0580034832703572,18.08648363687098,17.734293796122074,17.594953555613756,-173.45404827287413,0.9415295798887572,-2.4546909819820897,0.9654011418354178,-175.11583498221063,0.996916622169199,39633285957028967
840218580897655424,173.57094273145975,52.47344931939096,0.0577144244118818,0.09784497320652,-7.777581582359831,-8.486258145387158,-16.461263163353976,-0.3261103774659915,-11.227613854020644,-2.539299061831129,0.088155761223126,0.0902102563704708,18.154620304703712,17.882240373641253,17.816826537251472,-168.14473927223503,3.0045169196121155,-1.600857868426727,0.999840620722641,-171.07072346021528,2.5020258253564487,39633285944443923
840263931456398464,174.06822562887564,52.94353879792823,-0.0293470015791391,0.0998830869793891,-7.599339036165885,-8.233925499114276,-15.946502336416644,-0.1098209225302745,-10.92018055835623,-2.5094101865692573,0.0970704293728726,0.0681141781295999,18.34301601909101,18.151575220748786,18.08843588642776,-174.77996197664234,1.798943227709145,-2.978335168340237,0.999976199896513,-171.75040262788866,1.5588836882628996,39633293292865650
840270154864882688,174.12957080973712,52.9783651407881,0.2333294040328915,0.0904597789049148,-7.659686814233847,-8.324507612648489,-15.896346845019252,-0.101899623725167,-11.018929596237331,-2.5595741126905285,0.0868216266650016,0.0609071660160549,18.159382628276944,17.926902301609516,17.82445200998336,-176.4671006751226,1.9164066624399565,-2.6794500689683183,0.9999838198878268,-176.75410342193996,1.839003941432544,39633293292866104
840291625405293056,172.96013272405372,52.70427737450304,0.1666034219484048,0.1825056821107864,-7.349287063655222,-8.520637326561566,-16.63288522015887,0.0757978749255704,-10.918743680771057,-2.7192493869497043,0.1489640178701333,0.1520964674526172,18.981343876570463,18.77517312578857,18.72946873679757,-167.50851157438137,2.52421982825468,-2.2500002133656145,0.999909378203928,-167.18575232481723,2.489529453904217,39633289618655938
840301967686776320,173.5222427619513,52.95129771772691,-0.2745664370652608,0.1768845468759536,-7.149924633544141,-8.104503146052272,-16.212988139666095,0.0832422261165167,-10.49602413262778,-2.5764065900062896,0.1606414925562884,0.1290338249237449,19.00211340934038,18.83408286049962,18.808307817205787,-185.45194887375465,6.698603085443079,-2.383335532492135,0.9933597279191212,-174.13001842664085,4.386329704051672,39633293288670276
840310901218752640,173.92577487175123,52.95396145395264,-0.1594422814100123,0.1544205695390701,-7.6520872636285535,-8.316461386964896,-16.01142367369698,-0.0527177464489937,-11.015340612072402,-2.5259138328717485,0.1453857381733659,0.1016302169770173,18.814003877341747,18.6488997656852,18.60379420220852,-172.0719667529407,4.557227340549639,-2.364411516590273,0.9999642765629014,-173.66059396119596,2.529472492263775,39633293292864582
840317360849048192,174.17565885793812,53.03272635959615,0.150043380176105,0.1602881401777267,-7.518184050107945,-8.246949722247967,-15.842809864543767,-0.0726070506436656,-10.856669313763277,-2.5822475760806047,0.1505098988290822,0.1007138609231251,19.02035878971219,18.788275126367807,18.71440603677184,-175.9848838801853,4.00158245444108,-2.4042700935737167,0.9999654556029672,-178.6065758131694,2.6211857666240324,39633293292866468
840320521945008896,174.33805247851043,53.16016674268455,-0.0709129029678334,0.1958818137645721,-7.616502488599398,-8.114263687767467,-15.690524832765789,-0.0220205875033725,-10.857699641008852,-2.4418730227222856,0.1971888350636291,0.1275612416943966,19.31083840318024,19.11533422023058,19.046324430033565,0.0,10000.0,-10000.0,0.9958393245430494,-181.0320981512357,7.607995290863317,2782065221173249
840338805622118784,174.46792670678298,53.42431833625935,0.0662417227002094,0.0910331532359123,-7.621882547419747,-7.994294325722931,-15.478192589873515,0.1532436578583584,-10.79056872339156,-2.3591231334357,0.0895788610829045,0.062120558326668,17.968581225723028,17.734127378091216,17.663896029815078,-175.16066857159905,1.657107839056097,-2.742882651413617,0.9993929939383976,-176.13531772308534,1.3072871287318495,39633300557400584
840360413601394432,175.249359246184,53.29828013395505,-0.0078497325093425,0.1131535843014717,-7.92711024424886,-8.108350508046787,-15.160284839475764,-0.2104657524968389,-11.081694465492776,-2.404261333400447,0.1033756742251626,0.0744892371609835,18.29768776893616,18.092334490269423,18.029177110642195,-179.7361264689593,1.2000424121709463,-2.388864665427449,0.999895708079822,-179.7657249428451,1.234225806304531,39633296946104580
840375055146066304,175.18743578233472,53.38402144731324,0.0510587721115644,0.0884213894605636,-7.789045519506304,-8.272406888120205,-15.143901058987808,-0.118541730047922,-11.059028279183774,-2.6076501582408227,0.0896231857529247,0.0624980664367216,17.999143924564123,17.6810495685786,17.542402133345604,-181.60732742233955,0.8554611602177713,-2.4855119257160805,0.9999733128131638,-184.30187657607516,0.925310817390838,39633300565788254
840384499778020736,175.44574783770122,53.365457172392,-0.0993931944225702,0.2467516809701919,-7.851697076547109,-8.055162628037701,-15.02538342107539,-0.2187723867864166,-10.982791555215506,-2.4316828742006416,0.2251275154400168,0.1769095588927901,19.594272207468748,19.35830829292536,19.252637727186084,0.0,10000.0,-10000.0,0.994103255510492,-181.93972142375893,9.843259046787944,2782065233756160
840404050469298944,175.6753077049535,53.64480300809704,0.0824038811385187,0.1690336912870407,-7.837657394385494,-8.283401711224764,-14.758301760652785,-0.0595794685857048,-11.08762736239674,-2.6661089276168144,0.1750563614787728,0.135324728301111,19.15723842382431,18.948339900001884,18.893343597650528,-188.1620979523148,7.892127352480152,-3.371600220073072,0.9998451159295064,-193.58231317267905,4.710930888997065,39633304168696131
840406185068974208,176.05922712563472,53.69956505208173,0.1177833536082032,0.0548304393887519,-7.728056476725693,-7.946688535727641,-14.537608494709444,-0.1371699943284403,-10.798709402017067,-2.5021172718550257,0.0492179074610066,0.0390892811728893,-999.042200922966,-999.0302138384432,21.36322147026658,-176.6459309705139,1.4998776851826652,-10000.0,0.9999639335621122,-181.87679905425887,0.9508730618947886,39633304172890337
840408654674424448,176.18188768012874,53.78172082802111,0.0905341453964467,0.0941030979156494,-7.619387109091316,-7.929029113925289,-14.432173634448986,-0.1072350090573872,-10.693342531190176,-2.564563923613732,0.0878704106012286,0.0704798521569788,18.12978359684348,17.85511478036642,17.75887223519385,-181.79409593120224,1.5062271821495896,-2.3968790896173697,0.999987182120646,-184.2641146299864,1.418802673625023,39633304172891263
840410338301598720,175.9801141275037,53.75009764909943,0.5705652734145183,0.2209793031215667,-7.605357206512184,-8.167186499593615,-14.549597267618369,-0.0693405832648763,-10.817874000970388,-2.741896361447665,0.2134131889063499,0.1745307242703555,-999.0398940853776,21.27843695506453,-999.0211544297636,0.0,10000.0,-10000.0,0.9951433983589004,-175.0791339923972,5.414535212924445,2782072456347652
840424666313132032,175.10778578155728,53.52462999554917,-0.5421274206150092,0.2393971234560012,-8.163417565057523,-8.266822805288466,-15.105873893485407,0.0248952615921863,-11.37095967277038,-2.383908923544885,0.2415816436583121,0.1705761839507051,19.29002864658833,19.198724750429392,19.12480590492487,0.0,10000.0,-10000.0,0.977835484154764,-186.90136241946277,7.746867210999266,2782068849246213
840450096814636032,175.62098172081588,53.69179112439831,0.1214775376306129,0.0591479763388633,-7.80589784824968,-7.979452095765701,-14.759618962879529,-0.0026401935497366,-10.897038468904984,-2.420382113041982,0.0616064133099083,0.0463046607531428,17.574541177600622,17.197704572230577,17.022494610399008,-184.05722068520907,2.243955659332594,-2.456112378015725,0.9999470844706576,-184.48610765584257,1.5655941360751222,39633304168695744
840450504835587328,175.44526073412044,53.67365635825998,0.3057103887824846,0.1687624752521515,-7.303813783538652,-7.494635070059184,-14.856648646703434,0.0391336348580833,-10.217280410421347,-2.263278956026066,0.1746825732918331,0.12146301445097,19.12618635036052,18.864151833578944,18.77434770576656,-187.9490377861217,9.506924840366914,-2.5000000856551257,0.9650816157980244,-187.47118148340337,4.828831043928325,39633304168694281
840747922730517376,179.93750687489046,54.8727425790869,0.0022648358019424,0.1080046817660331,-7.8667926250701,-7.20936141743768,-11.993837607586611,-0.3056876736591116,-10.400902242464165,-2.383810142565959,0.1122432041095571,0.0847447815955805,18.20097554847598,18.17966689169407,18.229933662340045,-192.18511762511883,1.9285698375740017,-2.01706673806259,0.9999142395380248,-207.1642037709724,6.0811803959689055,2305843015475794373
840751809677187968,179.29379057083815,54.72274869026689,0.1997283855839948,0.1644317209720611,-8.001247498869091,-7.32312991230061,-12.39033795736674,-0.2510260421321368,-10.595816786606282,-2.318805700196405,0.17101248476092,0.1425724436920968,18.98420886695385,18.813658762723207,18.752624560147524,-193.25752907903689,3.553488574052144,-2.592421339152407,0.9999212814474642,-204.869415898209,7.507443511427498,2305843015475794321
840759055286431872,179.74263744007467,54.88787021439699,0.1330152350633854,0.1009081676602363,-7.759837796323547,-7.406502527487728,-12.083753027410523,-0.2370441477782772,-10.41249364034796,-2.579018903507086,0.0931757344156008,0.0760610081349213,18.17477250471711,17.900618301704526,17.79661165550351,-194.8890611057875,5.08969607986174,-2.6844014586916827,0.9999487948288632,-201.55342545120683,4.950735712877174,2305843015475797443
840779396251675648,176.85243186845798,53.92965810412123,-0.1240289964742834,0.1316386610269546,-7.798012267242867,-7.87497013321777,-14.018947690619882,-0.194127667164779,-10.791138896192908,-2.524969552730225,0.1264927250087059,0.0949239205739159,18.60669156163931,18.382496984675527,18.30634444952011,-186.9447528781297,5.826653330998441,-2.250000008845817,0.9999673967789292,-189.06098239403488,6.173259430563116,39633307759019994
840784309694248320,176.48712432586973,53.86976581054544,-0.0388294784356782,0.1399350315332412,-7.75751476956242,-8.063290681985226,-14.232930562320576,-0.1298887476328158,-10.87076747450502,-2.6499257607360702,0.1248327709367471,0.1026386058586476,18.59466227144003,18.413368482142687,18.34876696113497,-182.5439220367364,2.6784022027204784,-3.000000078613962,0.9999673260313516,-184.86993805246823,2.125240287623368,39633304177084551
840785065608494080,176.42376084737668,53.8817407807842,0.8704296512305472,0.3193969130516052,-7.707894929345157,-7.973818898386806,-14.258036639326974,-0.099747452256093,-10.783245525120368,-2.5913409677359964,0.3226058936385156,0.2448012556067612,19.704364869743586,19.482283188030124,19.403286553919315,0.0,10000.0,-10000.0,0.9944688377071468,-186.68972686843605,7.601882379354211,2782076038283272
840790425727710848,176.57955718939058,54.02634654549492,0.2274181365887991,0.1493716835975647,-7.591579041416174,-7.805105657910433,-14.103153816261964,-0.0267638862607853,-10.588998788946087,-2.5347290428984786,0.1479791928541045,0.1101723697551046,18.9623937997967,18.7697036806494,18.71797100454569,-187.76250237168605,7.769787812753234,-2.3543943039437134,0.999939878596267,-184.19438529423107,6.961049383936025,39633307754826705
840806579100164992,177.26300449919614,54.12894183405507,0.1237482536551856,0.0542805008590221,-7.702876251725483,-7.739673708580781,-13.708868146731902,-0.1526246219659688,-10.624145198159434,-2.5227743603261192,0.0550233193188277,0.041154282127457,17.318879649043083,16.930654548108578,16.750276781618595,-184.1467182324589,2.172797856149246,-2.461980501138352,0.999985899148462,-183.1216010507488,2.4954082833922056,39633311315789676
840810869771610880,177.71828809274982,54.2295469571691,-0.228825598295336,0.1156951114535331,-7.867200169670326,-7.683413158670552,-13.4291986343369,-0.2065248117057695,-10.718556823299096,-2.457685069776244,0.1263421940680754,0.1054248108741155,18.53067650645972,18.33135573379696,18.261921929195523,-196.69175019642648,5.899108307057949,-2.546683181207761,0.9999267093519172,-198.5344660100182,6.145452943536782,39633311319984434
840815821869730816,177.81695096815565,54.36184259080856,0.0891126646540634,0.1369814127683639,-7.800087659177605,-7.552303560024501,-13.311169297933304,-0.1235383081502381,-10.589598305002824,-2.395634423758124,0.1475047543297045,0.1056347373798627,18.73741401731968,18.51233310438693,18.45030563697219,-188.4422410009716,3.217454641531432,-2.642429080615949,0.9999662086459044,-191.7550055973001,3.7403804771336313,39633311319985253
840818192691653504,178.05926258742636,54.48377879157326,0.1186638744044173,0.0271001011133193,-7.740199326151916,-7.587294477595702,-13.127400408217682,-0.0923627677000324,-10.548106953654663,-2.4930228223141047,0.0286520565036486,0.0232468631882216,16.03208865597844,15.57567536830902,15.372969375923276,0.0,10000.0,-10000.0,0.9990566139324576,-192.89426777803408,0.7833371824168452,2305843015475796300
840821108973672448,177.47558087760063,54.30959240646339,0.1156437785061025,0.0968082845211029,-7.799754365334129,-7.659749504038576,-13.508205683414644,-0.0642090551235169,-10.657109295821844,-2.435970459811801,0.1007180242533349,0.0743309330688846,18.23585830628872,18.011248974129558,17.938168423250318,-190.51391575964297,1.6215569225921804,-2.5187170487947648,0.999981128640806,-192.03120557444475,5.110792624689663,2305843015475794078
840908073471397120,178.18979083190098,54.4537691418248,0.2671577558688002,0.1418766677379608,-7.74917347230946,-7.68196282111114,-13.07792284436914,-0.1572218296664027,-10.59994487817281,-2.5890946040221268,0.1567299668709404,0.1188766670078916,18.74574914574623,18.56085919588804,18.50559424981475,-185.9609684668949,2.820078425898193,-2.894507706865836,0.999929096004834,-194.97380860585588,4.008922405839456,39633314855783265
840909791458321664,178.35855900531206,54.49183401544449,0.2568863129533356,0.119992472231388,-7.837406109146942,-7.681765311196505,-12.974241879582792,-0.1750229683991628,-10.669312511961392,-2.5690899824840425,0.1332636700067625,0.0962493742773944,18.478861939162016,18.3057762272656,18.23443306982517,-191.7562271112802,2.052891411247049,-2.642908772833424,0.999978657596664,-191.0444945264092,1.8023677060257364,39633314859975307
840910650451797376,178.51689953907322,54.58647670273864,0.21246444509892,0.1218562051653862,-7.872965171800513,-7.584468829043246,-12.84686248022382,-0.140814459625461,-10.644286161376366,-2.491369127577081,0.1447420239721902,0.0980397304983253,18.33514442667365,18.1241311468184,18.04862951859832,-191.06098242498103,2.540929867491957,-2.5800836394765865,0.9999778476217414,-193.3820550990386,2.05762670429918,39633314859976699
840921198891558016,178.64491823286411,54.73299385671138,0.5862267141440972,0.3812054395675659,-7.300460818267802,-7.375389273917714,-12.70837914884595,-0.0526493894415589,-10.040611585001646,-2.6228255946621,0.447975455450709,0.2898448813625198,20.06215165182948,19.78310617804528,19.6719445027411,0.0,10000.0,-10000.0,0.9715157555907102,-188.9620322009081,12.40430014838234,2782086654066692
840942089613363072,179.12367702622947,54.78016161535873,-0.1106226115388939,0.2335821092128753,-7.620531739542824,-7.203607025604864,-12.446324392565543,-0.1520288004768328,-10.212345034316868,-2.38169416021181,0.2343720305935841,0.2014552096608134,19.338778726756573,19.09215979091823,18.97586522437632,-194.0893393632969,7.115712874970707,-10000.0,0.9997957835938114,-190.4179032031559,7.147463397623769,39633318374804551
841096124319281920,174.1229307524719,53.56119246185877,-0.3613104086754631,0.291750431060791,-7.229744897381585,-8.029791716798211,-15.571125653801346,0.3817695716281615,-10.497948181322911,-2.5573130974980702,0.2858844090440652,0.2125066328240185,20.102793093770742,19.80818672478199,19.72187405265868,0.0,10000.0,-10000.0,0.7891590768223642,-180.82810916507228,9.524385424531088,2782068836663307
841154707673291776,173.6690383355077,53.69953582329563,0.141623752022623,0.0840583145618438,-7.258379716392099,-8.010693455001086,-15.71462458856422,0.6482135815704398,-10.526674843690104,-2.4585366526760417,0.0843139396597961,0.056053158777743,18.032411102205515,17.703253585845232,17.563730467110872,-183.28064563249995,1.9731086396572253,-2.75780855347974,0.9585566478166796,-182.5320165479768,2.1139138073336365,39633304147725824
841157765690034176,173.70576655915792,53.74846884335935,-0.0089276419745501,0.0923271775245666,-7.751335928463432,-8.340631607871268,-15.668918162124555,0.6761041986009665,-11.118542294340628,-2.455068541419555,0.0958294786765279,0.0664040378390629,18.10984262451529,17.881071848794818,17.780892923474312,-179.58454197061565,1.488824327538261,-2.6562732989968336,0.9804194166921624,-178.54718070705573,1.4195442240252498,39633304151916736
844442728476917504,172.51622638517782,54.58169405482047,0.1378886822937774,0.1652815192937851,-7.355593419196574,-8.532296888539298,-15.759115796483798,1.7582604390914445,-10.948062574355484,-2.654198675815757,0.1651281778642006,0.1121777743007409,18.95904304459691,18.770721662789583,18.73325878381729,-180.1469284351137,3.276840643653496,-10000.0,0.9767324339048692,-180.48449450276303,2.496170175831438,39633314801256540
1565976102966344192,200.93137311040755,57.90911717853455,0.0045808391692198,0.1224532723426818,-7.80100593306443,-3.8039337986219,-0.1064038083032414,-1.6088891562717225,-8.415691917768195,-2.121729355317385,0.1355396732005262,0.1191154661290918,18.593442350625992,18.397988686338067,18.359994005411863,0.0,10000.0,-10000.0,0.984033174486088,-250.8510348487997,9.454149576068604,2305843020878062132
1566086603884228736,201.36305306871827,58.38413370019763,-0.1503912266043289,0.1624355018138885,-7.672075441668074,-3.702776788896035,0.2127899192438682,-1.1897048329367952,-8.255174017775058,-2.103187929616668,0.1814001036687222,0.1672683409682875,19.11110415123403,18.818327218294144,18.78563698474317,0.0,10000.0,-10000.0,0.9899956093727954,-261.87596587006385,5.887656744315295,39633368630955225
1566098496649217024,201.79529820859128,58.39565373114736,0.0838790511561981,0.0143733955919742,-7.86308129214886,-3.673025255563982,0.4372694435923838,-1.22273678844876,-8.423021251889828,-2.090902897115158,0.0151027482824742,0.0161962980584795,14.6593664214015,14.017429780215023,13.732034455053508,-264.474365234375,3.006757437216192,-10000.0,0.9999035170454846,-263.17415135214566,0.2484799934269562,2305843020878055696
1566477725082065024,197.61394634150835,57.68048889232569,0.1351059847033099,0.0644223466515541,-7.86808512979465,-4.211613172992159,-1.8801328501160128,-1.4254684066691383,-8.679230548453692,-2.0773555823221623,0.0688794488878334,0.0688924873313065,17.64882530272007,17.260653767734766,17.100931216031313,0.0,10000.0,-10000.0,0.9835779282948732,-252.99433273254024,1.3555056766422653,39633358988250007
1566531498072640896,196.952817044184,57.62638500413267,-0.0370169358906405,0.1542746722698211,-8.181690464948375,-4.496768562091605,-2.235930529702614,-1.386285383468172,-9.076993328302663,-2.183844885332177,0.152949728366669,0.1657985570430915,18.983027562499046,18.79498046822846,18.74433211609721,0.0,10000.0,-10000.0,0.961681074781429,-254.2899565935354,7.608330023062379,39633358984054010
1566535758680206720,196.87287879289192,57.86175232320213,0.0173539366566991,0.2237954437732696,-7.749327244646592,-4.561112218664192,-2.2149711235156246,-1.148002314298278,-8.679587554221351,-2.349590880233302,0.259458162333104,0.2201520873099206,19.55525640770793,19.36114470101893,19.288620986044407,0.0,10000.0,-10000.0,0.9743241158451496,-267.6862396542932,7.449189084393372,2782127267512322
1566540564752850816,196.99763467140505,57.83842442189629,0.2753302868682827,0.1252637058496475,-7.574547288711387,-4.494534366757287,-2.15706637483396,-1.1880007425228236,-8.489062573914348,-2.347428895420277,0.1468200679220697,0.1266371872295502,18.68877113237977,18.458061315119267,18.407417764887214,0.0,10000.0,-10000.0,0.9363976443710093,-229.1843289282878,5.503614297504539,39633358984054362
1566543932002438784,196.9592250724462,58.00051994662398,-0.2363606234912613,0.3023931980133056,-8.004023759870428,-4.42523026106597,-2.1341287452372057,-1.0262442331300456,-8.886474170847587,-2.162784321859916,0.3294113613353653,0.2837055315277592,20.01492251828313,19.782201441004872,19.664958039298654,0.0,10000.0,-10000.0,0.9778903296365417,-213.1242929252892,15.415570294343537,2782130492932097
1566560355957059456,198.482476791457,57.74109923968324,-0.8720849624119715,0.4145705103874206,-7.990972178778712,-4.438321999096592,-1.4154538428263663,-1.4815443176022791,-8.825373277570314,-2.380572418816108,0.4082456081776892,0.4202657366326241,20.2051421366632,19.94574338197708,19.86624444834888,0.0,10000.0,-10000.0,0.9042819509242708,-255.2172231263625,12.017646510264171,2782127280095244
1566603477428369792,198.0927230716261,58.09609957479881,-0.1088134590660683,0.1254202723503112,-7.952924098741585,-3.984895943576143,-1.5296381141976667,-1.0867728088771935,-8.690295140085173,-1.8992545326222912,0.1271537018784793,0.1391863399311532,18.67666160687804,18.48080513998866,18.40212164260447,-261.3094864514356,11.548242318201815,-2.092243194580078,0.999260913936245,-257.3389250242529,4.94351173114098,39633362217863285
1566638318203508736,197.00752462592507,58.04821694043171,0.8616195636509106,0.3833502233028412,-7.89926564145745,-3.982695414970799,-2.096908878867339,-0.9869464282388758,-8.66766194569433,-1.769716598187978,0.4173768605132609,0.4172362350788401,20.14169859141112,19.84881577640772,19.74493476934731,0.0,10000.0,-10000.0,0.9302439532260272,-243.43496461414065,12.527865234100569,2782130492932102
1566732502541484928,200.544045116816,58.09207017400809,0.1024333655993639,0.0280001927167177,-7.946707851553391,-3.842807567581553,-0.2691430332851041,-1.3872302530784075,-8.578494821970683,-2.080087082029149,0.0319608332923786,0.0291512524456882,15.554203381761909,15.693104211241009,15.855545446276665,0.0,10000.0,-10000.0,0.9973230597172946,-256.9058935271003,1.266207030803959,2305843020886442154
1570104670344778752,194.41358574876853,53.34881293770056,0.0685617225411246,0.0635884180665016,-7.964478286392762,-4.657525785800211,-4.826586113813221,-5.083903718339464,-8.996625839048626,-2.0460166988512816,0.058399607717726,0.0620556719291451,17.551501471549273,17.343750657513738,17.277944900095463,-239.93857122818497,3.76958137311826,-10000.0,0.6250898333611794,-231.7529693121128,3.172594467531627,2305843020911615932
1571178858845651968,188.1369406126153,55.50263116416927,-0.0008873442096737,0.1193447560071945,-8.048155900254587,-6.048374822344833,-7.517700321821735,-1.8069001065101649,-9.762102612882614,-2.4610981211500014,0.1158471200589912,0.1162341661757439,18.63861876353621,18.454996593296528,18.392085200175643,-219.35140463602704,2.024383344291611,-10000.0,0.9296378416569164,-219.68797484788757,2.046359704155824,39633328868952077
1572519262303256576,186.59664397712265,54.40912903490613,0.0135926331386738,0.1752665042877197,-8.659136661218483,-6.584097885661935,-8.764845329814705,-2.4585114678092603,-10.59212761979773,-2.4774634551399703,0.1764191107392926,0.1575239838506781,19.10207473486662,18.905131436884403,18.86020267382264,-217.3761734203541,4.940002102323723,-3.687909796705224,0.7480446595438409,-216.4491432990717,4.3873433359612966,39633314939667771
1573294899036976000,180.05127314416382,54.82459864894532,0.1502676002995543,0.1559940725564956,-7.68988733862739,-7.172049042724375,-11.960597960069094,-0.3798711850766391,-10.224667069940562,-2.455369231072716,0.160022321128762,0.1245351929705099,18.94415548071265,18.75720473565161,18.70043314062059,-200.0366666831932,3.257637361646699,-2.500000072954736,0.9998842586999164,-196.6925616501529,2.7050689753646804,39633318387384711
1573299331443355776,180.2940419637881,54.93925805731881,0.0555518111778547,0.0722513347864151,-7.359046561194482,-6.977629256789681,-11.78263692187886,-0.3485397584446539,-9.832384725048932,-2.483362026298258,0.0742099910164858,0.0585030446179595,17.828569028526545,17.451341558247805,17.295215433463454,0.0,10000.0,-10000.0,0.6179412763041447,-202.6556522616241,3.31677915715187,2305843020932582320
1573301289947761792,180.07169187126706,54.91177911481977,0.2688211037521646,0.1795650571584701,-7.564024681413479,-7.136864646843488,-11.907449633615158,-0.3097722728839936,-10.097057631346784,-2.489725598867969,0.1796239772529769,0.1361796977356771,19.064092345535755,18.895495884120464,18.83394917845726,-193.26432484825543,3.728561969940618,-2.999999997650506,0.9997654334355974,-193.63434012267103,11.339096805937618,2305843020932581610
1573303660769726464,180.0212346455841,55.01703448743744,0.2799102850890754,0.1029329746961593,-7.840151649716727,-7.266284500102007,-11.880822019480036,-0.2039008944858829,-10.402892870827342,-2.459001473173264,0.0928750763579852,0.0859807672565216,18.26276760548353,18.00861362554133,17.919538773596287,-195.3018097570194,2.095843979725652,-2.8330942186952712,0.9999756782124152,-198.17241961771012,1.5186542642182517,39633321877045443
1573364511867079040,181.1634447749744,55.20602278896718,0.0334198709760799,0.1609647423028946,-7.896441565868692,-7.398668621560335,-11.217938548245002,-0.3559883006105022,-10.47391385270926,-2.7186789771625106,0.183837736283534,0.1529889654855038,19.117054659873247,18.86607966944576,18.79520231857896,-200.91253297614605,3.1890536200881043,-1.9999999943808768,0.9996503617363592,-207.2242529801599,5.517544857426649,39633325354125755
1573368463237013632,181.3608489476877,55.25964149988142,0.1238511819059526,0.0935913622379303,-7.961700543823821,-7.032607121697513,-11.093424957374054,-0.3625880139795958,-10.349301002966028,-2.395455536569494,0.105992536796167,0.0845452293463711,18.28013626486063,18.06336244381964,17.965003438293934,-201.112373841273,1.70625391762119,-2.8855781984627744,0.9999554627122176,-203.7277713531216,1.835373317571067,39633325358317962
1573472126566976128,183.27020613644777,54.79591579892413,0.2233772084630037,0.0992220938205719,-7.633463017520479,-6.652998926677784,-10.33888454649167,-1.2809770223124948,-9.81523688205102,-2.488629604311184,0.0952754278374429,0.0910301107446728,18.32553955540061,18.063819505274296,17.981791423633695,-203.07321620975225,1.813600792317793,-2.249999999900321,0.9168540969022184,-203.22255386743896,1.8658795006861049,39633318416746431
1573565035300071040,182.5052343536526,55.46725565184093,0.1691725296435372,0.0570539683103561,-7.792563430010317,-6.780660525646859,-10.421541366354404,-0.4840414767436913,-10.0420164385438,-2.420600715280358,0.060878235832331,0.0477195732688149,17.057865869253874,17.13916098885238,17.242262521758676,0.0,10000.0,-10000.0,0.9937167772542542,-191.69196408638,2.6625143876806194,2305843020936777507
1573579294591561600,182.4244844118909,55.60149279200179,0.1570166941212727,0.1024633198976516,-7.923020023209172,-6.917185415698267,-10.4000696382829,-0.3438742967353347,-10.223616903305569,-2.4696877895327174,0.1174951649327382,0.0936923294068924,18.39914006367325,18.158392123878,18.076280998066068,-218.81683529147497,2.4384458263847177,-2.5492344855156923,0.9994262542281784,-205.12925428545665,1.9626742437296243,39633328814426230
1573632827064060032,183.87791869630868,55.87711517446796,0.1666928391370749,0.1269946545362472,-7.956207411094752,-6.696586202283052,-9.545761817512869,-0.4688526621694175,-10.101192817570013,-2.4721259667013005,0.1278693780967883,0.1105760793199199,18.589350268244743,18.368075355887413,18.28739281371236,-203.878530514562,2.5287586482802324,-2.500000405521676,0.9998323807445796,-206.06264145674388,2.504985817317845,39633335655336479
1573648220226814080,183.37915417849013,55.98894665018096,0.0569997232856861,0.0120581295341253,-7.857895233477498,-6.60660747638196,-9.74573686753115,-0.2439629703603181,-9.990519629569144,-2.362900204936314,0.0125573136377728,0.0107944406675886,13.923888716846704,13.293427554890512,13.060578918084502,-206.6344757080078,2.4054515554291167,-10000.0,0.9999429148907614,-204.0452532370668,0.2189896899175639,2305843020936775074
1574277003439239296,186.1301564641644,56.24530720700272,0.012405647342155,0.1545026302337646,-7.9686191388214755,-6.103182909466133,-8.25193128573602,-0.6755168819104289,-9.7802391551969,-2.2571341726057903,0.1445003469884359,0.1457204308769684,18.883357670158148,18.69966952316463,18.66738848946989,-221.6953677303309,5.389488466448229,-10000.0,0.9994662569733216,-216.0090585802928,3.2364665167095352,39633339056917354
1574385309629643904,184.0012647437496,55.96127615552872,0.1339938812424334,0.1052035614848136,-7.834481186959036,-6.598791928843479,-9.446519002252842,-0.4239987255859045,-9.94431982390231,-2.4563496552666213,0.1097565270417276,0.0872150376956981,18.38739414513111,18.164830546826124,18.086010856553912,-213.0013940041276,2.2029623889945524,-2.7499999876619285,0.9998843034437904,-213.8296179187368,1.663014287266408,39633335655337407
1574396987644896256,184.73227627679069,56.03422177962026,0.0329133832040157,0.1069584339857101,-8.149474675410673,-6.377647645154161,-9.046958343906285,-0.5371338642266882,-10.106020476378433,-2.226359607502841,0.1109150539947369,0.1058200085403839,18.313134156167507,18.07414105534553,17.981597989797592,-220.506433699506,4.6476491547788426,-2.085869862011157,0.999536838070104,-214.0430083562709,2.226487225803903,39633335663724507
1574414201874118400,184.2537740397374,56.16646704950409,0.1420714266467021,0.0716223493218422,-8.034115475147454,-6.518163631667068,-9.229594243888698,-0.3018486633886642,-10.079238952617455,-2.332897497368895,0.0736186394388954,0.0653935557817217,17.677226301282644,17.369634790346026,17.27128322608769,-204.74883163982497,2.274752638300948,-2.1834197763185115,0.999892096587034,-209.6728592728869,3.584273510123186,2305843020940976402
1574447427741404672,185.5461814924942,56.38627446924154,0.0697646019902233,0.1595432460308075,-7.989001142390902,-6.455452214990505,-8.48729779064945,-0.4121206900443511,-9.966144195590504,-2.484546724424128,0.1546460915001138,0.1346148468532049,18.822570357471704,18.62812421657145,18.57704420015216,-217.1310678005562,9.917711990918429,-2.874981543108136,0.9996729875201372,-218.45309167766712,3.6063908493084194,39633342412358750
1574469078671384576,185.76431088347607,56.45289663070619,0.0156466648660756,0.1926192939281463,-7.610838984283244,-5.862869971188643,-8.34981874366872,-0.4023688358519587,-9.366598431985317,-2.1365739298422004,0.2013945190621606,0.1738234036515391,19.100751735270023,18.9302969686687,18.86367393285036,-205.0218773041377,8.226149370545766,-2.999999934983058,0.9930227086856658,-227.2227097104841,4.351212255121431,39633342412360666
1574576865170810880,187.38489262597503,56.06279353997487,0.0642489543314906,0.0338983014225959,-7.957625653641271,-5.982842475460802,-7.687110813276718,-1.125772940205188,-9.679306448886637,-2.330072273172921,0.0354083634834833,0.0307413831898607,15.537603501230478,15.722173061221838,15.90758971311152,0.0,10000.0,-10000.0,0.5630972981382052,-220.7490761812302,0.947135126650006,2305843020945169806
1574635100632377088,187.441947220789,56.79092077171491,-0.2606816488997984,0.1548941433429718,-7.965530479827136,-5.714828372559729,-7.369224402945065,-0.4699272495855588,-9.578219504901895,-2.089653145568815,0.1420954719570888,0.1422398047875916,18.85574024170637,18.66414364241064,18.626686356961727,-229.1369579317132,11.441147988095343,-2.750000012913812,0.9987637292341256,-229.43540063275367,3.9814058665954746,39633345767802687
1574646439345428992,186.6632285767364,56.43055315001647,0.1410898878997784,0.1369276195764541,-8.028666597107904,-6.156614994930387,-7.906437428791037,-0.6278515937805333,-9.838898407394012,-2.357853611295129,0.1255402958564152,0.1305602982744098,18.8704425431788,18.691310668364167,18.65248362161219,-224.8449094940693,4.434278318171399,-2.632378150517376,0.9997163383719572,-219.67738411446973,2.9580016257464354,39633342420749874
1574686472736610432,186.90675871684863,56.8916618750666,0.0022076213020771,0.1339175999164581,-7.996681986052307,-5.833370556747132,-7.597232741814139,-0.2605198406859483,-9.670657058577284,-2.110338099397162,0.1347282200690734,0.1277296516955034,18.72578182071448,18.491973688825965,18.446514051407576,-223.07092845428977,5.37085383525992,-10000.0,0.9981172324144116,-218.206203086792,3.845002521225151,39633349081301473
1574722374367426944,187.92878321150664,56.96788025622445,0.1025906560758849,0.2289791703224182,-7.8264199106735965,-5.847858835600377,-7.055061972232977,-0.4117692364360151,-9.486757358508738,-2.3348953724049,0.2160582806526993,0.2039722780506438,19.49885143712163,19.26336591131985,19.177951481193304,0.0,10000.0,-10000.0,0.9689206473581544,-221.0166221432948,7.596172265426945,2782117373149186
1575511484414224768,180.02579151777954,57.50635553873867,-0.0415698470138531,0.1125412359833717,-8.296602526763428,-7.204280374630491,-10.651510580729507,1.9608286879590209,-10.77008526721443,-2.1772764042064305,0.1102823062718144,0.0988886275996228,18.235388204455376,18.08340958505869,18.063245363533497,-210.08464714830367,5.202980348970904,-2.3534364231913747,0.7287260018480368,-214.0432881767352,4.95513404626232,39633355582472428
1576791002415489792,192.8868607913689,56.80485590205507,0.1286402580933725,0.0990804210305213,-7.897653353140258,-4.895127490127654,-4.581891963589044,-1.527670926476813,-9.051812115989392,-2.097593632665464,0.1093863013432112,0.0972601984429783,18.04423007555306,17.827742965891957,17.79033756069839,-216.3150154755224,3.5939719449956,-10000.0,0.7209061181210109,-236.58624619466292,4.471843034485031,2305843020957752118
1576811583898903680,192.2074402311163,57.0621874828654,0.1999926822567923,0.1492481976747512,-7.832990660712053,-5.21539342244399,-4.848484383487403,-1.1635242107752888,-9.117366830831068,-2.330170232780381,0.1541281985575241,0.1645370964235595,18.903377106413245,18.73631868883968,18.69686354044825,-238.5426301814736,3.3150665228015206,-10000.0,0.9951809274656146,-240.12941405554412,3.3201229035405104,39633349127440955
1577024756011421696,195.52459273023268,57.54472486631607,-0.1833658992801779,0.1326914578676223,-7.8672230067574205,-4.740520387502857,-2.994834189398773,-1.2553747750905326,-8.889195268885357,-2.312561102762402,0.1595915723408116,0.1541902767446785,18.828935470432043,18.59321520663798,18.53188350051641,0.0,10000.0,-10000.0,0.9655501938714364,-235.8411020129657,3.0297964195780955,39633355720886329
1577032517021342592,195.6910667832604,57.69983280924616,0.6408926015662113,0.361097514629364,-8.416679276145151,-4.810294269083522,-2.865455229974259,-1.1317871579815126,-9.430268179667642,-2.2471010329348693,0.4346005758535081,0.4432013270645181,20.22889113798737,19.959150271490216,19.87012500315905,0.0,10000.0,-10000.0,0.9120432941563552,-242.09620486928648,13.287622330442847,2782127254929414
1577074779495131776,195.0360896390984,57.584427628871,0.4439557881869953,0.3749281466007232,-8.099415873010695,-4.254381875262712,-3.234438451410085,-1.1420649130057372,-8.98658549263856,-1.7151046055677115,0.3674252185065587,0.3842424177554193,20.235205460339785,20.02538309060037,19.87518804520369,0.0,10000.0,-10000.0,0.8659146349424347,-231.63330383364968,12.590407251870229,2782124000149506
1577287126973726592,194.250896327862,58.02054049725165,-0.0240462488321753,0.1924014687538147,-8.209002743290782,-4.846511598040438,-3.504794314301023,-0.6015522216573785,-9.28925484875924,-2.1415286745918327,0.2215121723551229,0.2086213962475697,19.27576951682568,19.070640683174133,19.00457409955561,0.0,10000.0,-10000.0,0.8868096078011967,-239.9233159637841,7.738921965557461,2782130467766273
1577500908969919232,191.06370945469607,56.93398112543439,0.0417580643226828,0.1453756839036941,-8.701257568488014,-5.731992415068198,-5.47813864603296,-1.0730647477315778,-10.149101884748111,-2.358675741294593,0.1524559544048056,0.137705525806981,18.83037252165377,18.659644847735763,18.60194972064346,-224.18195609567127,3.472961846911672,-2.9999999860504944,0.6938464777793609,-223.01826002159635,3.3622831778580653,39633349119050515
1577585197704124928,191.3031030900181,57.4116679238454,-0.0611258139683838,0.1595540046691894,-8.177476193889824,-5.294112753175331,-5.191445295281824,-0.6695152739073063,-9.498270145118909,-2.163703074664204,0.1632566318559905,0.1648865830275197,18.971642911434174,18.78985224850476,18.72261526249349,-232.3062260897929,3.3395064700437875,-2.322876614814526,0.9991137921108748,-234.0706961743541,3.2229526769397205,39633355683137161
1577681366315843968,189.7486389231844,57.02534604530544,0.1065171573374757,0.1272723525762558,-8.3366789491055,-5.843720588141656,-6.115403470957858,-0.7326456247729134,-9.894333848474254,-2.398216818318594,0.1265971642708972,0.1282351698977634,18.62031807005405,18.44684517942369,18.403876800090075,-246.8362155389827,3.3529914344830734,-2.9933213840420603,0.9933125036325308,-226.847950313626,2.2167889326962165,39633349106468060
1577686730731256832,189.42273272732663,56.98029214827108,0.1977183074178651,0.161124512553215,-7.791428298702051,-5.53048212060097,-6.29705063038972,-0.7093812702785489,-9.283358240042196,-2.260939452338957,0.1589136674987277,0.1592569665877199,18.88142893090844,18.699811935424805,18.642452219501138,0.0,10000.0,-10000.0,0.9722011887758936,-225.98282432289676,3.366301038734869,39633349102274847
1577686833810118656,189.3627297809004,56.96341611859461,0.0639839668739904,0.152922049164772,-8.247034116578309,-5.801677284929233,-6.333680611165107,-0.7129654669751402,-9.808994153853105,-2.335950497794417,0.1519022776794816,0.1419579490954345,18.73316917195916,18.548330564051867,18.510704742744565,-233.6411243297828,3.317339625498787,-2.7500001516594152,0.999114032973336,-232.20373032321825,3.348930325395293,39633349102274395
1577705624291235456,190.10338618575807,57.22950516113532,0.4509890662166958,0.3389773368835449,-8.096581363673318,-5.395044460213683,-5.861927893003269,-0.6121719264090837,-9.49606008803357,-2.118012585118481,0.4110394659690954,0.3373936300022465,20.03548998199404,19.749377328902483,19.684808279387653,0.0,10000.0,-10000.0,0.9330650966951024,-225.12547034329612,13.04986934919214,2782120682455043
1578517686643542144,195.9707529990738,57.62620050748519,-0.0320671342914,0.2860316932201385,-8.07890160019851,-4.514028574873987,-2.742360304531076,-1.2442906639878666,-9.014105971637846,-2.0954709667642324,0.279321005461798,0.3324585777181363,19.732492431998253,19.500288425013423,19.41624528728425,0.0,10000.0,-10000.0,0.9506716768888618,-244.28427315090545,6.792613574933029,2782127259123714
1578528814902974592,196.1750219806273,57.90845038032898,0.3766785604279384,0.1455508470535278,-8.228928883587397,-4.793650113195064,-2.559718978891852,-1.0030654393350544,-9.22862733077036,-2.350912497017351,0.1649454314064234,0.1617304129610524,18.85200866870582,18.64404483884573,18.593569082207978,0.0,10000.0,-10000.0,0.9610182439471584,-245.85363219213863,5.764838493266224,39633362201085614
1578547747119110784,196.49277841643308,57.87190441391365,0.0237636066456044,0.109602466225624,-8.099356163391231,-4.372573885825716,-2.4071170806527675,-1.0842050791613915,-8.978950251929783,-2.024209727730468,0.1374709978753268,0.120937968064298,18.51365747489035,18.283146729692817,18.21169233880937,0.0,10000.0,-10000.0,0.9877669340119748,-247.83570881326676,2.664149865983753,39633358979859701
1578547953277539584,196.42527253084663,57.85112274575463,-0.0188633444048851,0.1169238537549972,-7.956332727944984,-4.373415524659025,-2.447316834742196,-1.094502491945096,-8.843543935056413,-2.054683551748056,0.1492274467173805,0.1381988076963326,18.45581036433577,18.228365745395426,18.14224860444665,0.0,10000.0,-10000.0,0.9891203294606132,-250.38498616631892,3.0441123231155287,39633358979859225
1662117090460483200,202.91339472293024,58.4427377808766,0.0767747887495143,0.084779754281044,-7.681342439398685,-3.430461788441673,1.0216033487477858,-1.284318545081358,-8.165025325356286,-2.025697704386386,0.0880081074605157,0.0848957179117846,18.200990829616785,17.82280153222382,17.68220362998545,0.0,10000.0,-10000.0,0.9938927465502873,-265.60799697491194,5.003467340981027,2305843021595286859
1662129459966314240,202.49468729517704,58.52393661928254,0.3264464598017182,0.1256831586360931,-7.570687917103223,-3.69238636332021,0.8207517211611776,-1.1652487948510193,-8.116531800421022,-2.251875690831993,0.1366645766457035,0.1334101337239976,18.650765758007765,18.44520208239556,18.39456870779395,0.0,10000.0,-10000.0,0.9771004619088498,-255.8432148606826,4.410696748197915,39633368643536797
